uuid,user_age,device,computer_time,target_object_id,misses,movement_time,index_difficulty
cd1842cb-4771-4c16-9de8-cc3e1bf66275,27,Trackpad,14,20,0,1.117,1.991
cd1842cb-4771-4c16-9de8-cc3e1bf66275,27,Trackpad,14,9,0,1.000,1.356
cd1842cb-4771-4c16-9de8-cc3e1bf66275,27,Trackpad,14,2,0,1.100,1.540
cd1842cb-4771-4c16-9de8-cc3e1bf66275,27,Trackpad,14,13,0,0.833,2.269
cd1842cb-4771-4c16-9de8-cc3e1bf66275,27,Trackpad,14,12,0,0.883,1.470
cd1842cb-4771-4c16-9de8-cc3e1bf66275,27,Trackpad,14,21,0,0.900,2.176
cd1842cb-4771-4c16-9de8-cc3e1bf66275,27,Trackpad,14,22,0,0.834,0.884
cd1842cb-4771-4c16-9de8-cc3e1bf66275,27,Trackpad,14,19,0,1.350,3.572
cd1842cb-4771-4c16-9de8-cc3e1bf66275,27,Trackpad,14,11,0,0.950,1.273
cd1842cb-4771-4c16-9de8-cc3e1bf66275,27,Trackpad,14,5,0,1.050,1.692
cd1842cb-4771-4c16-9de8-cc3e1bf66275,27,Trackpad,14,16,0,1.533,3.012
cd1842cb-4771-4c16-9de8-cc3e1bf66275,27,Trackpad,14,4,0,1.150,3.053
cd1842cb-4771-4c16-9de8-cc3e1bf66275,27,Trackpad,14,17,0,0.733,1.780
cd1842cb-4771-4c16-9de8-cc3e1bf66275,27,Trackpad,14,1,0,0.951,2.538
cd1842cb-4771-4c16-9de8-cc3e1bf66275,27,Trackpad,14,10,0,1.116,3.069
cd1842cb-4771-4c16-9de8-cc3e1bf66275,27,Trackpad,14,8,0,1.050,2.376
cd1842cb-4771-4c16-9de8-cc3e1bf66275,27,Trackpad,14,0,0,1.083,2.484
cd1842cb-4771-4c16-9de8-cc3e1bf66275,27,Trackpad,14,18,0,0.833,1.937
cd1842cb-4771-4c16-9de8-cc3e1bf66275,27,Trackpad,14,15,0,1.101,3.965
cd1842cb-4771-4c16-9de8-cc3e1bf66275,27,Trackpad,14,6,0,1.050,2.421
cd1842cb-4771-4c16-9de8-cc3e1bf66275,27,Trackpad,14,3,0,0.900,1.025
cd1842cb-4771-4c16-9de8-cc3e1bf66275,27,Trackpad,14,7,0,0.767,1.508
cd1842cb-4771-4c16-9de8-cc3e1bf66275,27,Trackpad,14,14,0,1.283,1.816
2efdf886-71a0-492f-9a1a-74f47b9f0ea1,25,Mouse,14,18,0,0.846,1.997
2efdf886-71a0-492f-9a1a-74f47b9f0ea1,25,Mouse,14,17,0,0.679,0.707
2efdf886-71a0-492f-9a1a-74f47b9f0ea1,25,Mouse,14,11,0,0.612,2.033
2efdf886-71a0-492f-9a1a-74f47b9f0ea1,25,Mouse,14,10,0,0.517,1.725
2efdf886-71a0-492f-9a1a-74f47b9f0ea1,25,Mouse,14,21,0,0.729,3.013
2efdf886-71a0-492f-9a1a-74f47b9f0ea1,25,Mouse,14,19,0,0.651,3.124
2efdf886-71a0-492f-9a1a-74f47b9f0ea1,25,Mouse,14,9,0,0.512,0.893
2efdf886-71a0-492f-9a1a-74f47b9f0ea1,25,Mouse,14,3,0,0.646,1.710
2efdf886-71a0-492f-9a1a-74f47b9f0ea1,25,Mouse,14,2,0,0.404,0.969
2efdf886-71a0-492f-9a1a-74f47b9f0ea1,25,Mouse,14,20,0,0.617,2.400
2efdf886-71a0-492f-9a1a-74f47b9f0ea1,25,Mouse,14,12,0,0.554,1.274
2efdf886-71a0-492f-9a1a-74f47b9f0ea1,25,Mouse,14,22,0,0.567,1.227
2efdf886-71a0-492f-9a1a-74f47b9f0ea1,25,Mouse,14,7,0,0.437,1.991
2efdf886-71a0-492f-9a1a-74f47b9f0ea1,25,Mouse,14,0,0,0.534,2.219
2efdf886-71a0-492f-9a1a-74f47b9f0ea1,25,Mouse,14,16,0,0.742,3.432
2efdf886-71a0-492f-9a1a-74f47b9f0ea1,25,Mouse,14,1,0,0.504,2.371
2efdf886-71a0-492f-9a1a-74f47b9f0ea1,25,Mouse,14,14,0,0.850,3.007
2efdf886-71a0-492f-9a1a-74f47b9f0ea1,25,Mouse,14,4,0,0.829,3.724
2efdf886-71a0-492f-9a1a-74f47b9f0ea1,25,Mouse,14,15,0,0.725,4.244
2efdf886-71a0-492f-9a1a-74f47b9f0ea1,25,Mouse,14,6,0,0.513,2.521
2efdf886-71a0-492f-9a1a-74f47b9f0ea1,25,Mouse,14,5,0,0.417,1.010
2efdf886-71a0-492f-9a1a-74f47b9f0ea1,25,Mouse,14,13,0,0.470,2.006
2efdf886-71a0-492f-9a1a-74f47b9f0ea1,25,Mouse,14,8,0,0.438,1.640
849f6e05-bde2-4665-ab3d-28ea8786feb3,22,Mouse,5,0,0,2.000,3.020
849f6e05-bde2-4665-ab3d-28ea8786feb3,22,Mouse,5,9,0,1.000,1.614
849f6e05-bde2-4665-ab3d-28ea8786feb3,22,Mouse,5,18,0,0.582,0.796
849f6e05-bde2-4665-ab3d-28ea8786feb3,22,Mouse,5,22,0,0.951,2.104
849f6e05-bde2-4665-ab3d-28ea8786feb3,22,Mouse,5,2,0,0.784,1.960
849f6e05-bde2-4665-ab3d-28ea8786feb3,22,Mouse,5,21,0,1.099,3.660
849f6e05-bde2-4665-ab3d-28ea8786feb3,22,Mouse,5,16,0,0.801,3.510
849f6e05-bde2-4665-ab3d-28ea8786feb3,22,Mouse,5,1,0,0.733,2.387
849f6e05-bde2-4665-ab3d-28ea8786feb3,22,Mouse,5,17,0,0.917,2.134
849f6e05-bde2-4665-ab3d-28ea8786feb3,22,Mouse,5,4,0,0.833,3.245
849f6e05-bde2-4665-ab3d-28ea8786feb3,22,Mouse,5,14,0,1.083,3.686
849f6e05-bde2-4665-ab3d-28ea8786feb3,22,Mouse,5,15,1,1.283,1.348
849f6e05-bde2-4665-ab3d-28ea8786feb3,22,Mouse,5,20,0,0.766,1.915
849f6e05-bde2-4665-ab3d-28ea8786feb3,22,Mouse,5,7,0,0.851,2.192
849f6e05-bde2-4665-ab3d-28ea8786feb3,22,Mouse,5,13,0,0.767,1.605
849f6e05-bde2-4665-ab3d-28ea8786feb3,22,Mouse,5,8,0,0.900,1.592
849f6e05-bde2-4665-ab3d-28ea8786feb3,22,Mouse,5,6,0,0.900,2.524
849f6e05-bde2-4665-ab3d-28ea8786feb3,22,Mouse,5,3,0,0.783,1.076
849f6e05-bde2-4665-ab3d-28ea8786feb3,22,Mouse,5,12,0,0.800,2.233
849f6e05-bde2-4665-ab3d-28ea8786feb3,22,Mouse,5,10,0,0.817,2.936
849f6e05-bde2-4665-ab3d-28ea8786feb3,22,Mouse,5,11,0,0.683,0.793
849f6e05-bde2-4665-ab3d-28ea8786feb3,22,Mouse,5,5,0,0.700,1.420
849f6e05-bde2-4665-ab3d-28ea8786feb3,22,Mouse,5,19,0,1.183,3.072
77d00f41-edbe-45ab-a40e-23cfebac5bd9,22,Trackpad,5,6,0,1.034,3.990
77d00f41-edbe-45ab-a40e-23cfebac5bd9,22,Trackpad,5,8,0,0.667,1.469
77d00f41-edbe-45ab-a40e-23cfebac5bd9,22,Trackpad,5,3,0,0.583,0.998
77d00f41-edbe-45ab-a40e-23cfebac5bd9,22,Trackpad,5,14,0,1.148,2.720
77d00f41-edbe-45ab-a40e-23cfebac5bd9,22,Trackpad,5,20,0,0.784,1.842
77d00f41-edbe-45ab-a40e-23cfebac5bd9,22,Trackpad,5,17,0,0.868,1.705
77d00f41-edbe-45ab-a40e-23cfebac5bd9,22,Trackpad,5,22,0,0.783,2.346
77d00f41-edbe-45ab-a40e-23cfebac5bd9,22,Trackpad,5,0,0,0.833,2.535
77d00f41-edbe-45ab-a40e-23cfebac5bd9,22,Trackpad,5,19,0,1.017,3.592
77d00f41-edbe-45ab-a40e-23cfebac5bd9,22,Trackpad,5,18,0,0.583,0.564
77d00f41-edbe-45ab-a40e-23cfebac5bd9,22,Trackpad,5,16,0,0.834,2.030
77d00f41-edbe-45ab-a40e-23cfebac5bd9,22,Trackpad,5,21,0,1.133,4.002
77d00f41-edbe-45ab-a40e-23cfebac5bd9,22,Trackpad,5,4,0,1.067,3.577
77d00f41-edbe-45ab-a40e-23cfebac5bd9,22,Trackpad,5,13,0,0.800,2.795
77d00f41-edbe-45ab-a40e-23cfebac5bd9,22,Trackpad,5,11,0,0.716,1.915
77d00f41-edbe-45ab-a40e-23cfebac5bd9,22,Trackpad,5,2,0,0.683,1.464
77d00f41-edbe-45ab-a40e-23cfebac5bd9,22,Trackpad,5,1,0,0.667,1.011
77d00f41-edbe-45ab-a40e-23cfebac5bd9,22,Trackpad,5,9,0,0.850,1.654
77d00f41-edbe-45ab-a40e-23cfebac5bd9,22,Trackpad,5,5,0,0.634,1.000
77d00f41-edbe-45ab-a40e-23cfebac5bd9,22,Trackpad,5,12,0,0.866,1.441
77d00f41-edbe-45ab-a40e-23cfebac5bd9,22,Trackpad,5,15,0,0.900,2.870
77d00f41-edbe-45ab-a40e-23cfebac5bd9,22,Trackpad,5,7,0,0.650,1.332
77d00f41-edbe-45ab-a40e-23cfebac5bd9,22,Trackpad,5,10,0,0.983,3.429
94b750bc-66df-494b-9246-6c37272a666f,49,Mouse,6,21,0,1.466,3.132
94b750bc-66df-494b-9246-6c37272a666f,49,Mouse,6,9,0,1.133,1.640
94b750bc-66df-494b-9246-6c37272a666f,49,Mouse,6,3,0,0.948,1.705
94b750bc-66df-494b-9246-6c37272a666f,49,Mouse,6,2,0,0.700,0.869
94b750bc-66df-494b-9246-6c37272a666f,49,Mouse,6,15,0,0.932,3.384
94b750bc-66df-494b-9246-6c37272a666f,49,Mouse,6,7,0,0.733,1.278
94b750bc-66df-494b-9246-6c37272a666f,49,Mouse,6,16,1,1.732,3.656
94b750bc-66df-494b-9246-6c37272a666f,49,Mouse,6,10,0,1.033,3.032
94b750bc-66df-494b-9246-6c37272a666f,49,Mouse,6,14,0,1.082,3.187
94b750bc-66df-494b-9246-6c37272a666f,49,Mouse,6,1,0,0.800,2.037
94b750bc-66df-494b-9246-6c37272a666f,49,Mouse,6,0,0,0.782,1.564
94b750bc-66df-494b-9246-6c37272a666f,49,Mouse,6,6,0,1.066,3.426
94b750bc-66df-494b-9246-6c37272a666f,49,Mouse,6,12,0,0.866,1.014
94b750bc-66df-494b-9246-6c37272a666f,49,Mouse,6,4,0,0.915,3.226
94b750bc-66df-494b-9246-6c37272a666f,49,Mouse,6,18,0,0.700,1.288
94b750bc-66df-494b-9246-6c37272a666f,49,Mouse,6,20,0,0.816,1.780
94b750bc-66df-494b-9246-6c37272a666f,49,Mouse,6,22,0,0.899,1.287
94b750bc-66df-494b-9246-6c37272a666f,49,Mouse,6,19,0,1.066,3.608
94b750bc-66df-494b-9246-6c37272a666f,49,Mouse,6,8,0,0.833,2.465
94b750bc-66df-494b-9246-6c37272a666f,49,Mouse,6,17,0,0.932,2.391
94b750bc-66df-494b-9246-6c37272a666f,49,Mouse,6,5,0,0.849,1.763
94b750bc-66df-494b-9246-6c37272a666f,49,Mouse,6,11,0,0.683,1.710
94b750bc-66df-494b-9246-6c37272a666f,49,Mouse,6,13,0,0.883,2.064
3c267c85-ac72-44b4-9536-c2da384053e7,20,Trackpad,3,17,0,1.000,2.323
3c267c85-ac72-44b4-9536-c2da384053e7,20,Trackpad,3,0,0,0.884,2.543
3c267c85-ac72-44b4-9536-c2da384053e7,20,Trackpad,3,11,0,0.966,2.355
3c267c85-ac72-44b4-9536-c2da384053e7,20,Trackpad,3,20,0,0.667,1.385
3c267c85-ac72-44b4-9536-c2da384053e7,20,Trackpad,3,12,0,0.617,1.195
3c267c85-ac72-44b4-9536-c2da384053e7,20,Trackpad,3,1,1,1.183,1.922
3c267c85-ac72-44b4-9536-c2da384053e7,20,Trackpad,3,13,0,0.867,2.336
3c267c85-ac72-44b4-9536-c2da384053e7,20,Trackpad,3,5,1,1.316,1.378
3c267c85-ac72-44b4-9536-c2da384053e7,20,Trackpad,3,21,0,0.983,3.110
3c267c85-ac72-44b4-9536-c2da384053e7,20,Trackpad,3,2,0,1.317,2.677
3c267c85-ac72-44b4-9536-c2da384053e7,20,Trackpad,3,4,0,1.017,3.490
3c267c85-ac72-44b4-9536-c2da384053e7,20,Trackpad,3,15,1,1.949,4.214
3c267c85-ac72-44b4-9536-c2da384053e7,20,Trackpad,3,18,0,0.934,1.639
3c267c85-ac72-44b4-9536-c2da384053e7,20,Trackpad,3,6,0,0.883,3.379
3c267c85-ac72-44b4-9536-c2da384053e7,20,Trackpad,3,16,0,1.100,3.500
3c267c85-ac72-44b4-9536-c2da384053e7,20,Trackpad,3,8,0,1.084,2.890
3c267c85-ac72-44b4-9536-c2da384053e7,20,Trackpad,3,7,0,0.583,1.112
3c267c85-ac72-44b4-9536-c2da384053e7,20,Trackpad,3,10,0,1.233,3.560
3c267c85-ac72-44b4-9536-c2da384053e7,20,Trackpad,3,3,0,0.817,1.537
3c267c85-ac72-44b4-9536-c2da384053e7,20,Trackpad,3,9,0,0.900,2.276
3c267c85-ac72-44b4-9536-c2da384053e7,20,Trackpad,3,19,0,0.967,2.395
3c267c85-ac72-44b4-9536-c2da384053e7,20,Trackpad,3,14,0,1.000,3.024
3c267c85-ac72-44b4-9536-c2da384053e7,20,Trackpad,3,22,0,0.916,1.463
8788b73e-7e80-4869-be32-7e72d6547f59,28,Trackpad,8,16,0,2.174,3.579
8788b73e-7e80-4869-be32-7e72d6547f59,28,Trackpad,8,1,0,0.930,2.394
8788b73e-7e80-4869-be32-7e72d6547f59,28,Trackpad,8,3,0,0.646,1.251
8788b73e-7e80-4869-be32-7e72d6547f59,28,Trackpad,8,11,0,1.042,2.543
8788b73e-7e80-4869-be32-7e72d6547f59,28,Trackpad,8,22,0,0.798,1.670
8788b73e-7e80-4869-be32-7e72d6547f59,28,Trackpad,8,10,0,0.931,3.594
8788b73e-7e80-4869-be32-7e72d6547f59,28,Trackpad,8,13,0,0.798,2.307
8788b73e-7e80-4869-be32-7e72d6547f59,28,Trackpad,8,18,0,0.855,1.451
8788b73e-7e80-4869-be32-7e72d6547f59,28,Trackpad,8,12,0,0.861,2.408
8788b73e-7e80-4869-be32-7e72d6547f59,28,Trackpad,8,20,0,0.875,1.119
8788b73e-7e80-4869-be32-7e72d6547f59,28,Trackpad,8,5,0,1.020,1.968
8788b73e-7e80-4869-be32-7e72d6547f59,28,Trackpad,8,14,0,1.038,3.274
8788b73e-7e80-4869-be32-7e72d6547f59,28,Trackpad,8,9,0,0.921,2.038
8788b73e-7e80-4869-be32-7e72d6547f59,28,Trackpad,8,8,0,1.125,2.564
8788b73e-7e80-4869-be32-7e72d6547f59,28,Trackpad,8,0,0,0.792,2.487
8788b73e-7e80-4869-be32-7e72d6547f59,28,Trackpad,8,21,0,1.069,3.790
8788b73e-7e80-4869-be32-7e72d6547f59,28,Trackpad,8,17,0,0.791,1.968
8788b73e-7e80-4869-be32-7e72d6547f59,28,Trackpad,8,7,0,1.070,2.736
8788b73e-7e80-4869-be32-7e72d6547f59,28,Trackpad,8,2,0,0.958,1.156
8788b73e-7e80-4869-be32-7e72d6547f59,28,Trackpad,8,4,0,1.195,3.473
8788b73e-7e80-4869-be32-7e72d6547f59,28,Trackpad,8,15,0,1.146,4.261
8788b73e-7e80-4869-be32-7e72d6547f59,28,Trackpad,8,19,1,2.326,3.745
8788b73e-7e80-4869-be32-7e72d6547f59,28,Trackpad,8,6,0,1.216,3.132
6c8add89-dbdf-4592-acfe-c456edc01838,24,Mouse,10,13,0,1.007,2.599
6c8add89-dbdf-4592-acfe-c456edc01838,24,Mouse,10,7,1,0.819,1.366
6c8add89-dbdf-4592-acfe-c456edc01838,24,Mouse,10,12,0,0.667,1.593
6c8add89-dbdf-4592-acfe-c456edc01838,24,Mouse,10,14,1,1.076,2.233
6c8add89-dbdf-4592-acfe-c456edc01838,24,Mouse,10,21,0,0.688,2.557
6c8add89-dbdf-4592-acfe-c456edc01838,24,Mouse,10,17,0,0.541,1.967
6c8add89-dbdf-4592-acfe-c456edc01838,24,Mouse,10,22,1,0.931,2.285
6c8add89-dbdf-4592-acfe-c456edc01838,24,Mouse,10,2,0,0.729,2.092
6c8add89-dbdf-4592-acfe-c456edc01838,24,Mouse,10,11,0,0.722,2.291
6c8add89-dbdf-4592-acfe-c456edc01838,24,Mouse,10,15,0,0.688,3.586
6c8add89-dbdf-4592-acfe-c456edc01838,24,Mouse,10,10,0,0.694,3.819
6c8add89-dbdf-4592-acfe-c456edc01838,24,Mouse,10,9,0,0.431,0.698
6c8add89-dbdf-4592-acfe-c456edc01838,24,Mouse,10,20,0,0.409,1.812
6c8add89-dbdf-4592-acfe-c456edc01838,24,Mouse,10,4,0,0.709,3.339
6c8add89-dbdf-4592-acfe-c456edc01838,24,Mouse,10,18,0,0.423,1.240
6c8add89-dbdf-4592-acfe-c456edc01838,24,Mouse,10,1,0,0.500,2.264
6c8add89-dbdf-4592-acfe-c456edc01838,24,Mouse,10,8,0,0.403,2.230
6c8add89-dbdf-4592-acfe-c456edc01838,24,Mouse,10,16,0,0.785,3.903
6c8add89-dbdf-4592-acfe-c456edc01838,24,Mouse,10,3,1,0.812,1.989
6c8add89-dbdf-4592-acfe-c456edc01838,24,Mouse,10,0,2,1.042,2.646
6c8add89-dbdf-4592-acfe-c456edc01838,24,Mouse,10,19,1,1.493,3.623
6c8add89-dbdf-4592-acfe-c456edc01838,24,Mouse,10,5,0,0.479,2.028
6c8add89-dbdf-4592-acfe-c456edc01838,24,Mouse,10,6,0,0.681,2.996
231c917b-cd39-4469-8f5b-e9e3bf7c414e,24,Trackpad,8,20,0,1.440,2.225
231c917b-cd39-4469-8f5b-e9e3bf7c414e,24,Trackpad,8,10,0,1.377,2.873
231c917b-cd39-4469-8f5b-e9e3bf7c414e,24,Trackpad,8,12,0,1.051,2.242
231c917b-cd39-4469-8f5b-e9e3bf7c414e,24,Trackpad,8,18,0,0.953,1.149
231c917b-cd39-4469-8f5b-e9e3bf7c414e,24,Trackpad,8,16,0,1.333,2.151
231c917b-cd39-4469-8f5b-e9e3bf7c414e,24,Trackpad,8,4,0,1.267,3.075
231c917b-cd39-4469-8f5b-e9e3bf7c414e,24,Trackpad,8,1,0,0.979,1.764
231c917b-cd39-4469-8f5b-e9e3bf7c414e,24,Trackpad,8,19,0,1.833,3.579
231c917b-cd39-4469-8f5b-e9e3bf7c414e,24,Trackpad,8,7,0,1.315,2.227
231c917b-cd39-4469-8f5b-e9e3bf7c414e,24,Trackpad,8,9,0,1.117,1.971
231c917b-cd39-4469-8f5b-e9e3bf7c414e,24,Trackpad,8,2,0,1.045,1.513
231c917b-cd39-4469-8f5b-e9e3bf7c414e,24,Trackpad,8,14,0,1.401,2.761
231c917b-cd39-4469-8f5b-e9e3bf7c414e,24,Trackpad,8,0,0,1.126,2.387
231c917b-cd39-4469-8f5b-e9e3bf7c414e,24,Trackpad,8,21,0,1.498,3.781
231c917b-cd39-4469-8f5b-e9e3bf7c414e,24,Trackpad,8,15,0,1.497,2.804
231c917b-cd39-4469-8f5b-e9e3bf7c414e,24,Trackpad,8,6,0,1.119,2.471
231c917b-cd39-4469-8f5b-e9e3bf7c414e,24,Trackpad,8,5,0,0.873,0.950
231c917b-cd39-4469-8f5b-e9e3bf7c414e,24,Trackpad,8,22,0,1.084,1.870
231c917b-cd39-4469-8f5b-e9e3bf7c414e,24,Trackpad,8,17,0,1.253,2.197
231c917b-cd39-4469-8f5b-e9e3bf7c414e,24,Trackpad,8,11,0,1.929,2.013
231c917b-cd39-4469-8f5b-e9e3bf7c414e,24,Trackpad,8,13,0,1.542,2.093
231c917b-cd39-4469-8f5b-e9e3bf7c414e,24,Trackpad,8,3,0,1.169,1.531
231c917b-cd39-4469-8f5b-e9e3bf7c414e,24,Trackpad,8,8,0,1.442,1.253
9ce933ac-17a3-4546-af21-5329a27ff930,24,Trackpad,11,22,0,1.066,2.234
9ce933ac-17a3-4546-af21-5329a27ff930,24,Trackpad,11,8,0,0.767,2.126
9ce933ac-17a3-4546-af21-5329a27ff930,24,Trackpad,11,12,0,0.833,2.081
9ce933ac-17a3-4546-af21-5329a27ff930,24,Trackpad,11,18,0,0.900,1.142
9ce933ac-17a3-4546-af21-5329a27ff930,24,Trackpad,11,3,0,0.933,1.869
9ce933ac-17a3-4546-af21-5329a27ff930,24,Trackpad,11,4,0,0.934,3.999
9ce933ac-17a3-4546-af21-5329a27ff930,24,Trackpad,11,2,0,0.734,1.422
9ce933ac-17a3-4546-af21-5329a27ff930,24,Trackpad,11,17,0,0.866,2.276
9ce933ac-17a3-4546-af21-5329a27ff930,24,Trackpad,11,0,0,0.834,2.616
9ce933ac-17a3-4546-af21-5329a27ff930,24,Trackpad,11,9,0,0.699,1.632
9ce933ac-17a3-4546-af21-5329a27ff930,24,Trackpad,11,16,0,0.984,2.183
9ce933ac-17a3-4546-af21-5329a27ff930,24,Trackpad,11,15,1,2.000,4.240
9ce933ac-17a3-4546-af21-5329a27ff930,24,Trackpad,11,5,0,0.684,1.496
9ce933ac-17a3-4546-af21-5329a27ff930,24,Trackpad,11,19,0,0.849,2.976
9ce933ac-17a3-4546-af21-5329a27ff930,24,Trackpad,11,1,0,0.684,2.273
9ce933ac-17a3-4546-af21-5329a27ff930,24,Trackpad,11,10,0,1.050,2.940
9ce933ac-17a3-4546-af21-5329a27ff930,24,Trackpad,11,21,0,1.201,3.014
9ce933ac-17a3-4546-af21-5329a27ff930,24,Trackpad,11,11,0,0.799,1.783
9ce933ac-17a3-4546-af21-5329a27ff930,24,Trackpad,11,13,0,0.817,2.157
9ce933ac-17a3-4546-af21-5329a27ff930,24,Trackpad,11,14,0,1.000,1.282
9ce933ac-17a3-4546-af21-5329a27ff930,24,Trackpad,11,7,0,0.633,1.071
9ce933ac-17a3-4546-af21-5329a27ff930,24,Trackpad,11,20,0,0.850,2.049
9ce933ac-17a3-4546-af21-5329a27ff930,24,Trackpad,11,6,0,0.800,3.011
4d54afa4-9488-4087-b197-e3f9e781b14e,28,Mouse,14,9,0,1.083,1.962
4d54afa4-9488-4087-b197-e3f9e781b14e,28,Mouse,14,2,0,0.758,1.554
4d54afa4-9488-4087-b197-e3f9e781b14e,28,Mouse,14,0,0,0.659,2.197
4d54afa4-9488-4087-b197-e3f9e781b14e,28,Mouse,14,8,0,0.533,2.764
4d54afa4-9488-4087-b197-e3f9e781b14e,28,Mouse,14,12,0,0.842,2.198
4d54afa4-9488-4087-b197-e3f9e781b14e,28,Mouse,14,20,0,0.583,1.491
4d54afa4-9488-4087-b197-e3f9e781b14e,28,Mouse,14,22,0,0.650,1.260
4d54afa4-9488-4087-b197-e3f9e781b14e,28,Mouse,14,6,0,0.925,2.911
4d54afa4-9488-4087-b197-e3f9e781b14e,28,Mouse,14,14,0,1.017,1.835
4d54afa4-9488-4087-b197-e3f9e781b14e,28,Mouse,14,4,0,1.092,3.711
4d54afa4-9488-4087-b197-e3f9e781b14e,28,Mouse,14,16,0,0.966,2.832
4d54afa4-9488-4087-b197-e3f9e781b14e,28,Mouse,14,10,0,0.892,3.003
4d54afa4-9488-4087-b197-e3f9e781b14e,28,Mouse,14,18,0,0.600,0.841
4d54afa4-9488-4087-b197-e3f9e781b14e,28,Mouse,14,13,0,0.775,2.626
4d54afa4-9488-4087-b197-e3f9e781b14e,28,Mouse,14,19,0,1.200,3.309
4d54afa4-9488-4087-b197-e3f9e781b14e,28,Mouse,14,7,0,0.842,2.231
4d54afa4-9488-4087-b197-e3f9e781b14e,28,Mouse,14,5,0,0.624,1.237
4d54afa4-9488-4087-b197-e3f9e781b14e,28,Mouse,14,21,0,1.200,3.186
4d54afa4-9488-4087-b197-e3f9e781b14e,28,Mouse,14,11,0,0.742,1.802
4d54afa4-9488-4087-b197-e3f9e781b14e,28,Mouse,14,3,0,0.658,1.547
4d54afa4-9488-4087-b197-e3f9e781b14e,28,Mouse,14,1,0,0.692,2.362
4d54afa4-9488-4087-b197-e3f9e781b14e,28,Mouse,14,15,0,1.075,3.700
4d54afa4-9488-4087-b197-e3f9e781b14e,28,Mouse,14,17,0,1.025,2.346
2bd9e194-6807-4af6-a35c-fd4fdc85f738,24,Mouse,8,13,0,1.382,2.601
2bd9e194-6807-4af6-a35c-fd4fdc85f738,24,Mouse,8,1,0,0.666,2.106
2bd9e194-6807-4af6-a35c-fd4fdc85f738,24,Mouse,8,2,0,0.521,0.710
2bd9e194-6807-4af6-a35c-fd4fdc85f738,24,Mouse,8,7,0,0.583,1.354
2bd9e194-6807-4af6-a35c-fd4fdc85f738,24,Mouse,8,14,0,0.563,1.742
2bd9e194-6807-4af6-a35c-fd4fdc85f738,24,Mouse,8,6,2,1.146,2.064
2bd9e194-6807-4af6-a35c-fd4fdc85f738,24,Mouse,8,20,0,0.604,1.887
2bd9e194-6807-4af6-a35c-fd4fdc85f738,24,Mouse,8,8,0,0.791,2.338
2bd9e194-6807-4af6-a35c-fd4fdc85f738,24,Mouse,8,19,0,1.118,3.727
2bd9e194-6807-4af6-a35c-fd4fdc85f738,24,Mouse,8,15,0,0.868,3.654
2bd9e194-6807-4af6-a35c-fd4fdc85f738,24,Mouse,8,12,0,0.653,2.786
2bd9e194-6807-4af6-a35c-fd4fdc85f738,24,Mouse,8,17,0,0.702,1.823
2bd9e194-6807-4af6-a35c-fd4fdc85f738,24,Mouse,8,16,0,1.034,1.180
2bd9e194-6807-4af6-a35c-fd4fdc85f738,24,Mouse,8,5,0,0.577,1.626
2bd9e194-6807-4af6-a35c-fd4fdc85f738,24,Mouse,8,22,0,0.645,1.917
2bd9e194-6807-4af6-a35c-fd4fdc85f738,24,Mouse,8,10,0,0.695,3.649
2bd9e194-6807-4af6-a35c-fd4fdc85f738,24,Mouse,8,18,0,0.590,0.840
2bd9e194-6807-4af6-a35c-fd4fdc85f738,24,Mouse,8,3,0,0.750,1.862
2bd9e194-6807-4af6-a35c-fd4fdc85f738,24,Mouse,8,0,0,0.521,2.733
2bd9e194-6807-4af6-a35c-fd4fdc85f738,24,Mouse,8,21,0,0.729,3.775
2bd9e194-6807-4af6-a35c-fd4fdc85f738,24,Mouse,8,4,0,0.806,3.560
2bd9e194-6807-4af6-a35c-fd4fdc85f738,24,Mouse,8,11,0,0.833,1.861
2bd9e194-6807-4af6-a35c-fd4fdc85f738,24,Mouse,8,9,0,0.451,0.990
d875a127-ad37-4637-a4e0-18b5fc918aa6,25,Mouse,7,7,0,1.783,2.835
d875a127-ad37-4637-a4e0-18b5fc918aa6,25,Mouse,7,19,0,1.284,3.397
d875a127-ad37-4637-a4e0-18b5fc918aa6,25,Mouse,7,2,0,1.133,1.783
d875a127-ad37-4637-a4e0-18b5fc918aa6,25,Mouse,7,20,0,0.900,2.431
d875a127-ad37-4637-a4e0-18b5fc918aa6,25,Mouse,7,4,0,0.950,3.288
d875a127-ad37-4637-a4e0-18b5fc918aa6,25,Mouse,7,1,0,0.666,1.767
d875a127-ad37-4637-a4e0-18b5fc918aa6,25,Mouse,7,17,0,0.934,2.162
d875a127-ad37-4637-a4e0-18b5fc918aa6,25,Mouse,7,13,0,1.066,2.845
d875a127-ad37-4637-a4e0-18b5fc918aa6,25,Mouse,7,0,0,0.801,2.272
d875a127-ad37-4637-a4e0-18b5fc918aa6,25,Mouse,7,9,0,0.934,1.566
d875a127-ad37-4637-a4e0-18b5fc918aa6,25,Mouse,7,12,0,1.016,3.228
d875a127-ad37-4637-a4e0-18b5fc918aa6,25,Mouse,7,10,0,0.916,2.737
d875a127-ad37-4637-a4e0-18b5fc918aa6,25,Mouse,7,18,0,0.850,0.829
d875a127-ad37-4637-a4e0-18b5fc918aa6,25,Mouse,7,5,0,0.734,1.587
d875a127-ad37-4637-a4e0-18b5fc918aa6,25,Mouse,7,14,0,1.083,2.914
d875a127-ad37-4637-a4e0-18b5fc918aa6,25,Mouse,7,15,0,0.717,1.211
d875a127-ad37-4637-a4e0-18b5fc918aa6,25,Mouse,7,6,0,0.833,2.498
d875a127-ad37-4637-a4e0-18b5fc918aa6,25,Mouse,7,3,0,0.684,1.041
d875a127-ad37-4637-a4e0-18b5fc918aa6,25,Mouse,7,8,0,0.883,1.352
d875a127-ad37-4637-a4e0-18b5fc918aa6,25,Mouse,7,22,0,0.984,1.957
d875a127-ad37-4637-a4e0-18b5fc918aa6,25,Mouse,7,11,0,0.900,2.124
d875a127-ad37-4637-a4e0-18b5fc918aa6,25,Mouse,7,16,0,0.999,2.797
d875a127-ad37-4637-a4e0-18b5fc918aa6,25,Mouse,7,21,0,1.300,3.999
90c28bf9-8965-49e5-a12c-f12497dcd417,25,Trackpad,5,16,0,1.467,3.461
90c28bf9-8965-49e5-a12c-f12497dcd417,25,Trackpad,5,10,0,1.001,3.007
90c28bf9-8965-49e5-a12c-f12497dcd417,25,Trackpad,5,9,0,0.700,0.700
90c28bf9-8965-49e5-a12c-f12497dcd417,25,Trackpad,5,7,0,0.816,2.442
90c28bf9-8965-49e5-a12c-f12497dcd417,25,Trackpad,5,17,0,0.867,2.216
90c28bf9-8965-49e5-a12c-f12497dcd417,25,Trackpad,5,12,0,0.933,2.540
90c28bf9-8965-49e5-a12c-f12497dcd417,25,Trackpad,5,18,0,0.667,1.163
90c28bf9-8965-49e5-a12c-f12497dcd417,25,Trackpad,5,3,0,0.683,1.837
90c28bf9-8965-49e5-a12c-f12497dcd417,25,Trackpad,5,21,0,0.950,3.631
90c28bf9-8965-49e5-a12c-f12497dcd417,25,Trackpad,5,4,0,0.817,3.536
90c28bf9-8965-49e5-a12c-f12497dcd417,25,Trackpad,5,6,0,0.850,3.863
90c28bf9-8965-49e5-a12c-f12497dcd417,25,Trackpad,5,0,0,0.767,1.999
90c28bf9-8965-49e5-a12c-f12497dcd417,25,Trackpad,5,22,0,1.116,2.360
90c28bf9-8965-49e5-a12c-f12497dcd417,25,Trackpad,5,5,0,0.933,1.636
90c28bf9-8965-49e5-a12c-f12497dcd417,25,Trackpad,5,8,0,0.700,2.261
90c28bf9-8965-49e5-a12c-f12497dcd417,25,Trackpad,5,13,0,0.683,1.720
90c28bf9-8965-49e5-a12c-f12497dcd417,25,Trackpad,5,14,0,0.734,1.277
90c28bf9-8965-49e5-a12c-f12497dcd417,25,Trackpad,5,15,0,0.717,1.153
90c28bf9-8965-49e5-a12c-f12497dcd417,25,Trackpad,5,1,0,0.683,2.195
90c28bf9-8965-49e5-a12c-f12497dcd417,25,Trackpad,5,11,0,0.817,2.759
90c28bf9-8965-49e5-a12c-f12497dcd417,25,Trackpad,5,2,0,0.733,1.513
90c28bf9-8965-49e5-a12c-f12497dcd417,25,Trackpad,5,19,0,0.867,3.550
90c28bf9-8965-49e5-a12c-f12497dcd417,25,Trackpad,5,20,0,0.566,1.238
d1e3e86c-5bdf-474c-bf88-1f2a5b849689,24,Mouse,7,22,0,0.862,1.991
d1e3e86c-5bdf-474c-bf88-1f2a5b849689,24,Mouse,7,2,0,0.590,2.146
d1e3e86c-5bdf-474c-bf88-1f2a5b849689,24,Mouse,7,10,0,0.843,3.365
d1e3e86c-5bdf-474c-bf88-1f2a5b849689,24,Mouse,7,16,0,0.706,2.643
d1e3e86c-5bdf-474c-bf88-1f2a5b849689,24,Mouse,7,6,0,0.885,3.834
d1e3e86c-5bdf-474c-bf88-1f2a5b849689,24,Mouse,7,14,0,0.809,1.869
d1e3e86c-5bdf-474c-bf88-1f2a5b849689,24,Mouse,7,15,0,0.665,1.196
d1e3e86c-5bdf-474c-bf88-1f2a5b849689,24,Mouse,7,8,0,0.620,1.534
d1e3e86c-5bdf-474c-bf88-1f2a5b849689,24,Mouse,7,9,0,0.683,2.103
d1e3e86c-5bdf-474c-bf88-1f2a5b849689,24,Mouse,7,1,0,0.677,1.950
d1e3e86c-5bdf-474c-bf88-1f2a5b849689,24,Mouse,7,0,0,0.619,1.358
d1e3e86c-5bdf-474c-bf88-1f2a5b849689,24,Mouse,7,18,0,0.688,1.987
d1e3e86c-5bdf-474c-bf88-1f2a5b849689,24,Mouse,7,19,0,0.742,1.592
d1e3e86c-5bdf-474c-bf88-1f2a5b849689,24,Mouse,7,12,0,0.636,1.640
d1e3e86c-5bdf-474c-bf88-1f2a5b849689,24,Mouse,7,5,0,0.575,1.011
d1e3e86c-5bdf-474c-bf88-1f2a5b849689,24,Mouse,7,13,0,0.668,1.830
d1e3e86c-5bdf-474c-bf88-1f2a5b849689,24,Mouse,7,11,0,0.780,1.921
d1e3e86c-5bdf-474c-bf88-1f2a5b849689,24,Mouse,7,3,0,0.628,1.568
d1e3e86c-5bdf-474c-bf88-1f2a5b849689,24,Mouse,7,7,0,0.545,1.483
d1e3e86c-5bdf-474c-bf88-1f2a5b849689,24,Mouse,7,17,0,0.819,2.173
d1e3e86c-5bdf-474c-bf88-1f2a5b849689,24,Mouse,7,20,0,0.651,2.414
d1e3e86c-5bdf-474c-bf88-1f2a5b849689,24,Mouse,7,4,0,0.775,3.387
d1e3e86c-5bdf-474c-bf88-1f2a5b849689,24,Mouse,7,21,0,0.710,3.647
6bfe0cc4-f797-4b53-8339-e4dc4e1ca174,23,Mouse,7,18,0,1.598,2.097
6bfe0cc4-f797-4b53-8339-e4dc4e1ca174,23,Mouse,7,22,0,0.819,2.073
6bfe0cc4-f797-4b53-8339-e4dc4e1ca174,23,Mouse,7,4,0,1.015,3.750
6bfe0cc4-f797-4b53-8339-e4dc4e1ca174,23,Mouse,7,5,0,0.611,0.912
6bfe0cc4-f797-4b53-8339-e4dc4e1ca174,23,Mouse,7,1,0,0.528,1.399
6bfe0cc4-f797-4b53-8339-e4dc4e1ca174,23,Mouse,7,0,1,0.980,1.467
6bfe0cc4-f797-4b53-8339-e4dc4e1ca174,23,Mouse,7,15,0,0.945,4.044
6bfe0cc4-f797-4b53-8339-e4dc4e1ca174,23,Mouse,7,19,0,0.868,3.758
6bfe0cc4-f797-4b53-8339-e4dc4e1ca174,23,Mouse,7,16,0,0.799,2.686
6bfe0cc4-f797-4b53-8339-e4dc4e1ca174,23,Mouse,7,9,0,0.743,1.035
6bfe0cc4-f797-4b53-8339-e4dc4e1ca174,23,Mouse,7,14,1,1.536,3.383
6bfe0cc4-f797-4b53-8339-e4dc4e1ca174,23,Mouse,7,21,0,0.931,2.597
6bfe0cc4-f797-4b53-8339-e4dc4e1ca174,23,Mouse,7,20,0,0.583,1.215
6bfe0cc4-f797-4b53-8339-e4dc4e1ca174,23,Mouse,7,8,0,0.890,2.343
6bfe0cc4-f797-4b53-8339-e4dc4e1ca174,23,Mouse,7,10,0,2.390,3.756
6bfe0cc4-f797-4b53-8339-e4dc4e1ca174,23,Mouse,7,3,0,0.660,1.546
6bfe0cc4-f797-4b53-8339-e4dc4e1ca174,23,Mouse,7,6,0,0.944,3.043
6bfe0cc4-f797-4b53-8339-e4dc4e1ca174,23,Mouse,7,7,0,0.528,0.793
6bfe0cc4-f797-4b53-8339-e4dc4e1ca174,23,Mouse,7,17,0,0.855,2.182
6bfe0cc4-f797-4b53-8339-e4dc4e1ca174,23,Mouse,7,13,0,0.785,2.980
6bfe0cc4-f797-4b53-8339-e4dc4e1ca174,23,Mouse,7,12,0,0.632,1.572
6bfe0cc4-f797-4b53-8339-e4dc4e1ca174,23,Mouse,7,2,0,0.549,1.674
6bfe0cc4-f797-4b53-8339-e4dc4e1ca174,23,Mouse,7,11,1,1.772,2.217
8aa6b7fa-8280-482d-974e-9c8df092f373,24,Trackpad,5,17,0,0.917,2.463
8aa6b7fa-8280-482d-974e-9c8df092f373,24,Trackpad,5,4,0,1.001,3.281
8aa6b7fa-8280-482d-974e-9c8df092f373,24,Trackpad,5,12,0,0.916,2.751
8aa6b7fa-8280-482d-974e-9c8df092f373,24,Trackpad,5,0,0,1.000,2.144
8aa6b7fa-8280-482d-974e-9c8df092f373,24,Trackpad,5,21,0,1.033,3.811
8aa6b7fa-8280-482d-974e-9c8df092f373,24,Trackpad,5,14,0,1.035,2.256
8aa6b7fa-8280-482d-974e-9c8df092f373,24,Trackpad,5,13,0,0.683,0.842
8aa6b7fa-8280-482d-974e-9c8df092f373,24,Trackpad,5,9,0,0.816,1.813
8aa6b7fa-8280-482d-974e-9c8df092f373,24,Trackpad,5,2,0,0.733,1.515
8aa6b7fa-8280-482d-974e-9c8df092f373,24,Trackpad,5,3,0,0.783,0.994
8aa6b7fa-8280-482d-974e-9c8df092f373,24,Trackpad,5,16,0,1.318,3.877
8aa6b7fa-8280-482d-974e-9c8df092f373,24,Trackpad,5,19,1,1.366,3.045
8aa6b7fa-8280-482d-974e-9c8df092f373,24,Trackpad,5,5,0,0.850,2.074
8aa6b7fa-8280-482d-974e-9c8df092f373,24,Trackpad,5,8,0,0.818,2.246
8aa6b7fa-8280-482d-974e-9c8df092f373,24,Trackpad,5,11,0,0.716,2.436
8aa6b7fa-8280-482d-974e-9c8df092f373,24,Trackpad,5,1,0,1.267,1.977
8aa6b7fa-8280-482d-974e-9c8df092f373,24,Trackpad,5,10,0,1.032,3.164
8aa6b7fa-8280-482d-974e-9c8df092f373,24,Trackpad,5,20,0,0.651,1.613
8aa6b7fa-8280-482d-974e-9c8df092f373,24,Trackpad,5,7,0,0.767,2.110
8aa6b7fa-8280-482d-974e-9c8df092f373,24,Trackpad,5,15,0,0.766,2.417
8aa6b7fa-8280-482d-974e-9c8df092f373,24,Trackpad,5,18,0,0.718,1.619
8aa6b7fa-8280-482d-974e-9c8df092f373,24,Trackpad,5,22,0,0.734,2.088
8aa6b7fa-8280-482d-974e-9c8df092f373,24,Trackpad,5,6,1,1.181,2.887
71a9bf81-f720-4655-8f6f-4f6728e37dd2,26,Mouse,6,4,1,3.363,4.210
71a9bf81-f720-4655-8f6f-4f6728e37dd2,26,Mouse,6,11,5,6.643,1.839
71a9bf81-f720-4655-8f6f-4f6728e37dd2,26,Mouse,6,17,1,0.867,1.359
71a9bf81-f720-4655-8f6f-4f6728e37dd2,26,Mouse,6,20,0,0.781,2.301
71a9bf81-f720-4655-8f6f-4f6728e37dd2,26,Mouse,6,22,0,0.528,1.468
71a9bf81-f720-4655-8f6f-4f6728e37dd2,26,Mouse,6,6,0,0.588,2.975
71a9bf81-f720-4655-8f6f-4f6728e37dd2,26,Mouse,6,16,0,0.896,3.490
71a9bf81-f720-4655-8f6f-4f6728e37dd2,26,Mouse,6,19,0,0.782,3.022
71a9bf81-f720-4655-8f6f-4f6728e37dd2,26,Mouse,6,5,0,0.655,2.116
71a9bf81-f720-4655-8f6f-4f6728e37dd2,26,Mouse,6,18,0,0.521,1.230
71a9bf81-f720-4655-8f6f-4f6728e37dd2,26,Mouse,6,10,0,0.642,2.625
71a9bf81-f720-4655-8f6f-4f6728e37dd2,26,Mouse,6,21,0,0.600,3.010
71a9bf81-f720-4655-8f6f-4f6728e37dd2,26,Mouse,6,15,0,0.619,2.730
71a9bf81-f720-4655-8f6f-4f6728e37dd2,26,Mouse,6,3,0,0.472,1.783
71a9bf81-f720-4655-8f6f-4f6728e37dd2,26,Mouse,6,7,0,0.540,1.526
71a9bf81-f720-4655-8f6f-4f6728e37dd2,26,Mouse,6,0,0,0.490,2.252
71a9bf81-f720-4655-8f6f-4f6728e37dd2,26,Mouse,6,9,0,0.443,1.658
71a9bf81-f720-4655-8f6f-4f6728e37dd2,26,Mouse,6,14,0,0.800,3.382
71a9bf81-f720-4655-8f6f-4f6728e37dd2,26,Mouse,6,12,1,0.879,2.228
71a9bf81-f720-4655-8f6f-4f6728e37dd2,26,Mouse,6,8,0,0.497,1.841
71a9bf81-f720-4655-8f6f-4f6728e37dd2,26,Mouse,6,1,0,0.466,2.175
71a9bf81-f720-4655-8f6f-4f6728e37dd2,26,Mouse,6,13,0,0.540,2.260
71a9bf81-f720-4655-8f6f-4f6728e37dd2,26,Mouse,6,2,0,0.424,1.927
3527f0ed-bd6c-4e87-848c-41901af06c1c,26,Mouse,6,5,1,2.836,2.615
3527f0ed-bd6c-4e87-848c-41901af06c1c,26,Mouse,6,16,0,0.612,2.999
3527f0ed-bd6c-4e87-848c-41901af06c1c,26,Mouse,6,15,0,0.751,4.249
3527f0ed-bd6c-4e87-848c-41901af06c1c,26,Mouse,6,0,0,0.813,2.465
3527f0ed-bd6c-4e87-848c-41901af06c1c,26,Mouse,6,12,0,0.570,2.346
3527f0ed-bd6c-4e87-848c-41901af06c1c,26,Mouse,6,6,0,0.551,2.094
3527f0ed-bd6c-4e87-848c-41901af06c1c,26,Mouse,6,8,0,0.448,1.453
3527f0ed-bd6c-4e87-848c-41901af06c1c,26,Mouse,6,14,0,0.703,1.830
3527f0ed-bd6c-4e87-848c-41901af06c1c,26,Mouse,6,1,0,0.594,2.053
3527f0ed-bd6c-4e87-848c-41901af06c1c,26,Mouse,6,11,0,0.552,2.459
3527f0ed-bd6c-4e87-848c-41901af06c1c,26,Mouse,6,10,0,0.612,1.720
3527f0ed-bd6c-4e87-848c-41901af06c1c,26,Mouse,6,13,0,0.534,2.307
3527f0ed-bd6c-4e87-848c-41901af06c1c,26,Mouse,6,2,0,0.508,1.837
3527f0ed-bd6c-4e87-848c-41901af06c1c,26,Mouse,6,17,0,0.649,2.335
3527f0ed-bd6c-4e87-848c-41901af06c1c,26,Mouse,6,3,0,0.582,2.023
3527f0ed-bd6c-4e87-848c-41901af06c1c,26,Mouse,6,19,0,0.612,3.915
3527f0ed-bd6c-4e87-848c-41901af06c1c,26,Mouse,6,9,0,0.624,0.871
3527f0ed-bd6c-4e87-848c-41901af06c1c,26,Mouse,6,7,0,0.636,2.472
3527f0ed-bd6c-4e87-848c-41901af06c1c,26,Mouse,6,18,0,0.504,1.528
3527f0ed-bd6c-4e87-848c-41901af06c1c,26,Mouse,6,21,0,0.835,3.665
3527f0ed-bd6c-4e87-848c-41901af06c1c,26,Mouse,6,22,0,0.431,0.773
3527f0ed-bd6c-4e87-848c-41901af06c1c,26,Mouse,6,20,0,0.478,1.770
3527f0ed-bd6c-4e87-848c-41901af06c1c,26,Mouse,6,4,0,0.680,3.346
f09d342e-19d6-47f5-a6c3-7b7c11498649,23,Mouse,9,19,0,1.500,3.854
f09d342e-19d6-47f5-a6c3-7b7c11498649,23,Mouse,9,15,0,0.958,3.670
f09d342e-19d6-47f5-a6c3-7b7c11498649,23,Mouse,9,7,0,0.625,1.356
f09d342e-19d6-47f5-a6c3-7b7c11498649,23,Mouse,9,8,0,0.572,1.016
f09d342e-19d6-47f5-a6c3-7b7c11498649,23,Mouse,9,5,0,0.707,1.543
f09d342e-19d6-47f5-a6c3-7b7c11498649,23,Mouse,9,3,0,0.709,1.213
f09d342e-19d6-47f5-a6c3-7b7c11498649,23,Mouse,9,22,0,0.875,2.415
f09d342e-19d6-47f5-a6c3-7b7c11498649,23,Mouse,9,10,0,0.879,3.598
f09d342e-19d6-47f5-a6c3-7b7c11498649,23,Mouse,9,0,0,0.654,1.818
f09d342e-19d6-47f5-a6c3-7b7c11498649,23,Mouse,9,6,0,0.913,3.382
f09d342e-19d6-47f5-a6c3-7b7c11498649,23,Mouse,9,2,0,0.496,1.582
f09d342e-19d6-47f5-a6c3-7b7c11498649,23,Mouse,9,9,0,0.670,1.805
f09d342e-19d6-47f5-a6c3-7b7c11498649,23,Mouse,9,11,0,0.622,1.244
f09d342e-19d6-47f5-a6c3-7b7c11498649,23,Mouse,9,1,0,0.574,2.123
f09d342e-19d6-47f5-a6c3-7b7c11498649,23,Mouse,9,17,0,0.630,2.120
f09d342e-19d6-47f5-a6c3-7b7c11498649,23,Mouse,9,12,0,0.766,2.531
f09d342e-19d6-47f5-a6c3-7b7c11498649,23,Mouse,9,16,0,1.042,3.305
f09d342e-19d6-47f5-a6c3-7b7c11498649,23,Mouse,9,4,0,0.800,3.105
f09d342e-19d6-47f5-a6c3-7b7c11498649,23,Mouse,9,18,0,0.566,1.328
f09d342e-19d6-47f5-a6c3-7b7c11498649,23,Mouse,9,14,2,4.967,3.284
f09d342e-19d6-47f5-a6c3-7b7c11498649,23,Mouse,9,21,0,0.783,2.532
f09d342e-19d6-47f5-a6c3-7b7c11498649,23,Mouse,9,13,0,0.488,1.424
f09d342e-19d6-47f5-a6c3-7b7c11498649,23,Mouse,9,20,0,0.541,1.572
47b47389-5857-4d06-9e78-2d8f40dd0a4c,24,Mouse,7,2,1,1.860,2.846
47b47389-5857-4d06-9e78-2d8f40dd0a4c,24,Mouse,7,13,0,1.234,2.334
47b47389-5857-4d06-9e78-2d8f40dd0a4c,24,Mouse,7,8,0,0.922,1.645
47b47389-5857-4d06-9e78-2d8f40dd0a4c,24,Mouse,7,17,0,1.542,2.406
47b47389-5857-4d06-9e78-2d8f40dd0a4c,24,Mouse,7,5,0,1.241,1.761
47b47389-5857-4d06-9e78-2d8f40dd0a4c,24,Mouse,7,0,0,0.928,1.359
47b47389-5857-4d06-9e78-2d8f40dd0a4c,24,Mouse,7,12,0,1.538,2.243
47b47389-5857-4d06-9e78-2d8f40dd0a4c,24,Mouse,7,18,0,0.920,1.134
47b47389-5857-4d06-9e78-2d8f40dd0a4c,24,Mouse,7,19,0,1.228,2.124
47b47389-5857-4d06-9e78-2d8f40dd0a4c,24,Mouse,7,3,0,1.236,1.763
47b47389-5857-4d06-9e78-2d8f40dd0a4c,24,Mouse,7,6,0,1.235,2.870
47b47389-5857-4d06-9e78-2d8f40dd0a4c,24,Mouse,7,20,0,0.927,1.903
47b47389-5857-4d06-9e78-2d8f40dd0a4c,24,Mouse,7,15,0,1.252,3.229
47b47389-5857-4d06-9e78-2d8f40dd0a4c,24,Mouse,7,14,0,1.239,1.043
47b47389-5857-4d06-9e78-2d8f40dd0a4c,24,Mouse,7,11,0,1.231,2.137
47b47389-5857-4d06-9e78-2d8f40dd0a4c,24,Mouse,7,4,1,2.450,2.709
47b47389-5857-4d06-9e78-2d8f40dd0a4c,24,Mouse,7,16,0,1.232,2.821
47b47389-5857-4d06-9e78-2d8f40dd0a4c,24,Mouse,7,7,0,1.239,2.763
47b47389-5857-4d06-9e78-2d8f40dd0a4c,24,Mouse,7,22,0,1.245,2.056
47b47389-5857-4d06-9e78-2d8f40dd0a4c,24,Mouse,7,21,0,1.228,2.178
47b47389-5857-4d06-9e78-2d8f40dd0a4c,24,Mouse,7,1,0,1.245,2.380
47b47389-5857-4d06-9e78-2d8f40dd0a4c,24,Mouse,7,10,0,1.240,2.902
47b47389-5857-4d06-9e78-2d8f40dd0a4c,24,Mouse,7,9,0,1.219,0.761
9443b4dc-66a2-47a4-92a8-39ccd2bf4a36,25,Mouse,12,7,0,1.423,2.827
9443b4dc-66a2-47a4-92a8-39ccd2bf4a36,25,Mouse,12,4,0,0.922,3.768
9443b4dc-66a2-47a4-92a8-39ccd2bf4a36,25,Mouse,12,19,0,1.034,3.113
9443b4dc-66a2-47a4-92a8-39ccd2bf4a36,25,Mouse,12,21,0,0.700,2.970
9443b4dc-66a2-47a4-92a8-39ccd2bf4a36,25,Mouse,12,13,0,0.538,1.318
9443b4dc-66a2-47a4-92a8-39ccd2bf4a36,25,Mouse,12,6,0,0.707,2.165
9443b4dc-66a2-47a4-92a8-39ccd2bf4a36,25,Mouse,12,18,0,0.670,1.391
9443b4dc-66a2-47a4-92a8-39ccd2bf4a36,25,Mouse,12,22,0,0.551,2.018
9443b4dc-66a2-47a4-92a8-39ccd2bf4a36,25,Mouse,12,8,0,0.545,2.137
9443b4dc-66a2-47a4-92a8-39ccd2bf4a36,25,Mouse,12,5,0,0.673,1.489
9443b4dc-66a2-47a4-92a8-39ccd2bf4a36,25,Mouse,12,12,1,1.149,1.613
9443b4dc-66a2-47a4-92a8-39ccd2bf4a36,25,Mouse,12,1,0,0.578,2.025
9443b4dc-66a2-47a4-92a8-39ccd2bf4a36,25,Mouse,12,17,0,0.777,2.048
9443b4dc-66a2-47a4-92a8-39ccd2bf4a36,25,Mouse,12,14,0,0.839,3.555
9443b4dc-66a2-47a4-92a8-39ccd2bf4a36,25,Mouse,12,16,0,0.793,3.811
9443b4dc-66a2-47a4-92a8-39ccd2bf4a36,25,Mouse,12,2,0,0.623,1.891
9443b4dc-66a2-47a4-92a8-39ccd2bf4a36,25,Mouse,12,10,0,0.680,3.226
9443b4dc-66a2-47a4-92a8-39ccd2bf4a36,25,Mouse,12,9,0,0.514,0.681
9443b4dc-66a2-47a4-92a8-39ccd2bf4a36,25,Mouse,12,15,0,0.680,4.008
9443b4dc-66a2-47a4-92a8-39ccd2bf4a36,25,Mouse,12,3,0,0.521,1.777
9443b4dc-66a2-47a4-92a8-39ccd2bf4a36,25,Mouse,12,11,0,0.817,2.584
9443b4dc-66a2-47a4-92a8-39ccd2bf4a36,25,Mouse,12,0,0,0.674,1.984
9443b4dc-66a2-47a4-92a8-39ccd2bf4a36,25,Mouse,12,20,0,0.610,2.454
fa2558fd-5af8-495d-9bd1-cc550f0964cb,22,Mouse,5,16,0,24.554,4.203
fa2558fd-5af8-495d-9bd1-cc550f0964cb,22,Mouse,5,12,0,4.517,2.707
fa2558fd-5af8-495d-9bd1-cc550f0964cb,22,Mouse,5,5,0,0.993,1.035
fa2558fd-5af8-495d-9bd1-cc550f0964cb,22,Mouse,5,4,0,0.965,2.932
fa2558fd-5af8-495d-9bd1-cc550f0964cb,22,Mouse,5,2,0,1.622,1.453
fa2558fd-5af8-495d-9bd1-cc550f0964cb,22,Mouse,5,0,0,0.868,2.273
fa2558fd-5af8-495d-9bd1-cc550f0964cb,22,Mouse,5,13,0,0.889,2.653
fa2558fd-5af8-495d-9bd1-cc550f0964cb,22,Mouse,5,8,1,3.417,1.605
fa2558fd-5af8-495d-9bd1-cc550f0964cb,22,Mouse,5,19,0,1.035,3.657
fa2558fd-5af8-495d-9bd1-cc550f0964cb,22,Mouse,5,7,0,2.535,2.255
fa2558fd-5af8-495d-9bd1-cc550f0964cb,22,Mouse,5,17,1,0.944,2.237
fa2558fd-5af8-495d-9bd1-cc550f0964cb,22,Mouse,5,14,6,2.111,3.571
fa2558fd-5af8-495d-9bd1-cc550f0964cb,22,Mouse,5,22,1,0.660,1.469
fa2558fd-5af8-495d-9bd1-cc550f0964cb,22,Mouse,5,15,0,0.618,2.110
fa2558fd-5af8-495d-9bd1-cc550f0964cb,22,Mouse,5,18,1,0.743,1.632
fa2558fd-5af8-495d-9bd1-cc550f0964cb,22,Mouse,5,11,0,0.472,1.659
fa2558fd-5af8-495d-9bd1-cc550f0964cb,22,Mouse,5,10,1,0.799,1.513
fa2558fd-5af8-495d-9bd1-cc550f0964cb,22,Mouse,5,6,2,1.132,2.928
fa2558fd-5af8-495d-9bd1-cc550f0964cb,22,Mouse,5,9,2,0.854,1.734
fa2558fd-5af8-495d-9bd1-cc550f0964cb,22,Mouse,5,3,0,0.646,1.695
fa2558fd-5af8-495d-9bd1-cc550f0964cb,22,Mouse,5,1,0,0.423,2.391
fa2558fd-5af8-495d-9bd1-cc550f0964cb,22,Mouse,5,21,0,0.521,3.576
fa2558fd-5af8-495d-9bd1-cc550f0964cb,22,Mouse,5,20,0,0.375,1.275
a30bdd30-aa85-4ac2-8cce-51e0c736ef0e,24,Mouse,6,3,1,1.318,2.624
a30bdd30-aa85-4ac2-8cce-51e0c736ef0e,24,Mouse,6,19,0,0.968,3.984
a30bdd30-aa85-4ac2-8cce-51e0c736ef0e,24,Mouse,6,10,0,0.721,2.553
a30bdd30-aa85-4ac2-8cce-51e0c736ef0e,24,Mouse,6,15,0,0.843,3.839
a30bdd30-aa85-4ac2-8cce-51e0c736ef0e,24,Mouse,6,8,0,0.604,1.559
a30bdd30-aa85-4ac2-8cce-51e0c736ef0e,24,Mouse,6,16,0,0.962,3.938
a30bdd30-aa85-4ac2-8cce-51e0c736ef0e,24,Mouse,6,0,0,0.720,2.449
a30bdd30-aa85-4ac2-8cce-51e0c736ef0e,24,Mouse,6,1,0,0.612,1.566
a30bdd30-aa85-4ac2-8cce-51e0c736ef0e,24,Mouse,6,2,0,0.482,0.653
a30bdd30-aa85-4ac2-8cce-51e0c736ef0e,24,Mouse,6,4,0,0.841,3.509
a30bdd30-aa85-4ac2-8cce-51e0c736ef0e,24,Mouse,6,20,0,0.601,2.252
a30bdd30-aa85-4ac2-8cce-51e0c736ef0e,24,Mouse,6,5,0,0.630,1.931
a30bdd30-aa85-4ac2-8cce-51e0c736ef0e,24,Mouse,6,12,0,0.771,1.489
a30bdd30-aa85-4ac2-8cce-51e0c736ef0e,24,Mouse,6,17,0,0.720,1.831
a30bdd30-aa85-4ac2-8cce-51e0c736ef0e,24,Mouse,6,11,0,0.846,1.984
a30bdd30-aa85-4ac2-8cce-51e0c736ef0e,24,Mouse,6,22,0,0.603,1.685
a30bdd30-aa85-4ac2-8cce-51e0c736ef0e,24,Mouse,6,18,1,1.373,1.567
a30bdd30-aa85-4ac2-8cce-51e0c736ef0e,24,Mouse,6,14,0,1.013,3.347
a30bdd30-aa85-4ac2-8cce-51e0c736ef0e,24,Mouse,6,13,0,0.745,0.934
a30bdd30-aa85-4ac2-8cce-51e0c736ef0e,24,Mouse,6,21,0,0.870,2.045
a30bdd30-aa85-4ac2-8cce-51e0c736ef0e,24,Mouse,6,6,0,0.874,3.073
a30bdd30-aa85-4ac2-8cce-51e0c736ef0e,24,Mouse,6,9,0,0.722,1.690
a30bdd30-aa85-4ac2-8cce-51e0c736ef0e,24,Mouse,6,7,0,0.736,2.382
ed4d7672-6763-4951-a41d-3774225dea19,31,Mouse,2,3,1,3.700,2.936
ed4d7672-6763-4951-a41d-3774225dea19,31,Mouse,2,20,0,0.616,2.554
ed4d7672-6763-4951-a41d-3774225dea19,31,Mouse,2,11,1,1.051,1.494
ed4d7672-6763-4951-a41d-3774225dea19,31,Mouse,2,10,0,0.583,1.330
ed4d7672-6763-4951-a41d-3774225dea19,31,Mouse,2,9,0,0.516,0.767
ed4d7672-6763-4951-a41d-3774225dea19,31,Mouse,2,2,0,0.517,1.525
ed4d7672-6763-4951-a41d-3774225dea19,31,Mouse,2,12,0,0.584,1.812
ed4d7672-6763-4951-a41d-3774225dea19,31,Mouse,2,18,0,0.583,1.189
ed4d7672-6763-4951-a41d-3774225dea19,31,Mouse,2,19,0,0.600,2.448
ed4d7672-6763-4951-a41d-3774225dea19,31,Mouse,2,7,0,0.533,2.244
ed4d7672-6763-4951-a41d-3774225dea19,31,Mouse,2,0,0,0.667,2.176
ed4d7672-6763-4951-a41d-3774225dea19,31,Mouse,2,21,0,0.800,3.819
ed4d7672-6763-4951-a41d-3774225dea19,31,Mouse,2,5,0,0.622,1.677
ed4d7672-6763-4951-a41d-3774225dea19,31,Mouse,2,4,0,0.561,2.732
ed4d7672-6763-4951-a41d-3774225dea19,31,Mouse,2,14,0,0.734,3.713
ed4d7672-6763-4951-a41d-3774225dea19,31,Mouse,2,1,0,0.567,2.058
ed4d7672-6763-4951-a41d-3774225dea19,31,Mouse,2,8,0,0.566,2.227
ed4d7672-6763-4951-a41d-3774225dea19,31,Mouse,2,22,0,0.583,1.909
ed4d7672-6763-4951-a41d-3774225dea19,31,Mouse,2,17,0,0.600,2.217
ed4d7672-6763-4951-a41d-3774225dea19,31,Mouse,2,13,0,0.617,2.981
ed4d7672-6763-4951-a41d-3774225dea19,31,Mouse,2,16,0,0.750,3.666
ed4d7672-6763-4951-a41d-3774225dea19,31,Mouse,2,15,1,1.033,4.279
ed4d7672-6763-4951-a41d-3774225dea19,31,Mouse,2,6,1,1.050,2.511
044db93c-82bc-48f1-aac1-fa16380fe30e,56,Mouse,6,0,0,2.092,3.032
044db93c-82bc-48f1-aac1-fa16380fe30e,56,Mouse,6,13,0,1.332,2.628
044db93c-82bc-48f1-aac1-fa16380fe30e,56,Mouse,6,4,0,1.209,3.501
044db93c-82bc-48f1-aac1-fa16380fe30e,56,Mouse,6,10,0,1.133,2.786
044db93c-82bc-48f1-aac1-fa16380fe30e,56,Mouse,6,14,0,1.217,3.185
044db93c-82bc-48f1-aac1-fa16380fe30e,56,Mouse,6,7,0,0.758,1.060
044db93c-82bc-48f1-aac1-fa16380fe30e,56,Mouse,6,9,0,1.200,1.942
044db93c-82bc-48f1-aac1-fa16380fe30e,56,Mouse,6,3,0,1.042,1.688
044db93c-82bc-48f1-aac1-fa16380fe30e,56,Mouse,6,6,0,0.900,2.763
044db93c-82bc-48f1-aac1-fa16380fe30e,56,Mouse,6,5,0,0.625,0.991
044db93c-82bc-48f1-aac1-fa16380fe30e,56,Mouse,6,12,0,0.900,1.247
044db93c-82bc-48f1-aac1-fa16380fe30e,56,Mouse,6,1,0,0.783,1.882
044db93c-82bc-48f1-aac1-fa16380fe30e,56,Mouse,6,2,0,0.650,0.690
044db93c-82bc-48f1-aac1-fa16380fe30e,56,Mouse,6,19,0,0.950,3.552
044db93c-82bc-48f1-aac1-fa16380fe30e,56,Mouse,6,22,0,0.767,1.735
044db93c-82bc-48f1-aac1-fa16380fe30e,56,Mouse,6,8,0,0.717,2.115
044db93c-82bc-48f1-aac1-fa16380fe30e,56,Mouse,6,20,0,0.865,2.177
044db93c-82bc-48f1-aac1-fa16380fe30e,56,Mouse,6,21,1,1.092,2.118
044db93c-82bc-48f1-aac1-fa16380fe30e,56,Mouse,6,16,0,1.318,3.551
044db93c-82bc-48f1-aac1-fa16380fe30e,56,Mouse,6,17,0,0.691,0.414
044db93c-82bc-48f1-aac1-fa16380fe30e,56,Mouse,6,15,0,1.575,4.193
044db93c-82bc-48f1-aac1-fa16380fe30e,56,Mouse,6,11,0,0.991,2.336
044db93c-82bc-48f1-aac1-fa16380fe30e,56,Mouse,6,18,0,0.617,0.851
c0e0cecf-97c0-4f10-8772-32ddf82c6d05,54,Mouse,5,2,0,2.825,2.991
c0e0cecf-97c0-4f10-8772-32ddf82c6d05,54,Mouse,5,8,0,1.025,1.492
c0e0cecf-97c0-4f10-8772-32ddf82c6d05,54,Mouse,5,4,0,1.367,4.037
c0e0cecf-97c0-4f10-8772-32ddf82c6d05,54,Mouse,5,0,0,0.858,1.406
c0e0cecf-97c0-4f10-8772-32ddf82c6d05,54,Mouse,5,19,0,1.366,3.495
c0e0cecf-97c0-4f10-8772-32ddf82c6d05,54,Mouse,5,15,0,1.184,3.658
c0e0cecf-97c0-4f10-8772-32ddf82c6d05,54,Mouse,5,10,0,0.925,3.769
c0e0cecf-97c0-4f10-8772-32ddf82c6d05,54,Mouse,5,18,0,0.859,0.815
c0e0cecf-97c0-4f10-8772-32ddf82c6d05,54,Mouse,5,3,0,0.966,1.799
c0e0cecf-97c0-4f10-8772-32ddf82c6d05,54,Mouse,5,21,0,1.166,3.630
c0e0cecf-97c0-4f10-8772-32ddf82c6d05,54,Mouse,5,14,0,1.109,2.271
c0e0cecf-97c0-4f10-8772-32ddf82c6d05,54,Mouse,5,1,0,0.975,2.071
c0e0cecf-97c0-4f10-8772-32ddf82c6d05,54,Mouse,5,22,1,1.333,2.160
c0e0cecf-97c0-4f10-8772-32ddf82c6d05,54,Mouse,5,7,0,0.925,2.015
c0e0cecf-97c0-4f10-8772-32ddf82c6d05,54,Mouse,5,12,0,0.666,1.501
c0e0cecf-97c0-4f10-8772-32ddf82c6d05,54,Mouse,5,16,0,1.117,3.362
c0e0cecf-97c0-4f10-8772-32ddf82c6d05,54,Mouse,5,6,0,0.909,3.821
c0e0cecf-97c0-4f10-8772-32ddf82c6d05,54,Mouse,5,17,0,0.982,2.052
c0e0cecf-97c0-4f10-8772-32ddf82c6d05,54,Mouse,5,13,0,0.850,2.845
c0e0cecf-97c0-4f10-8772-32ddf82c6d05,54,Mouse,5,20,0,0.734,1.455
c0e0cecf-97c0-4f10-8772-32ddf82c6d05,54,Mouse,5,9,0,0.833,1.268
c0e0cecf-97c0-4f10-8772-32ddf82c6d05,54,Mouse,5,5,0,0.750,1.096
c0e0cecf-97c0-4f10-8772-32ddf82c6d05,54,Mouse,5,11,0,0.667,1.718
8bd37fdf-eb44-48e4-9df8-8f4dac8ce7e3,19,Mouse,5,3,0,2.361,2.388
8bd37fdf-eb44-48e4-9df8-8f4dac8ce7e3,19,Mouse,5,12,0,0.688,2.159
8bd37fdf-eb44-48e4-9df8-8f4dac8ce7e3,19,Mouse,5,10,0,0.923,2.855
8bd37fdf-eb44-48e4-9df8-8f4dac8ce7e3,19,Mouse,5,17,0,0.653,1.452
8bd37fdf-eb44-48e4-9df8-8f4dac8ce7e3,19,Mouse,5,14,0,0.931,3.589
8bd37fdf-eb44-48e4-9df8-8f4dac8ce7e3,19,Mouse,5,11,0,0.687,2.175
8bd37fdf-eb44-48e4-9df8-8f4dac8ce7e3,19,Mouse,5,8,0,0.716,2.251
8bd37fdf-eb44-48e4-9df8-8f4dac8ce7e3,19,Mouse,5,20,0,0.632,2.257
8bd37fdf-eb44-48e4-9df8-8f4dac8ce7e3,19,Mouse,5,19,0,0.659,2.327
8bd37fdf-eb44-48e4-9df8-8f4dac8ce7e3,19,Mouse,5,6,0,0.785,3.147
8bd37fdf-eb44-48e4-9df8-8f4dac8ce7e3,19,Mouse,5,21,0,0.743,3.106
8bd37fdf-eb44-48e4-9df8-8f4dac8ce7e3,19,Mouse,5,16,0,0.764,3.560
8bd37fdf-eb44-48e4-9df8-8f4dac8ce7e3,19,Mouse,5,22,0,0.597,2.351
8bd37fdf-eb44-48e4-9df8-8f4dac8ce7e3,19,Mouse,5,1,0,0.694,2.390
8bd37fdf-eb44-48e4-9df8-8f4dac8ce7e3,19,Mouse,5,15,0,0.605,3.560
8bd37fdf-eb44-48e4-9df8-8f4dac8ce7e3,19,Mouse,5,13,0,0.576,1.403
8bd37fdf-eb44-48e4-9df8-8f4dac8ce7e3,19,Mouse,5,9,0,0.611,1.745
8bd37fdf-eb44-48e4-9df8-8f4dac8ce7e3,19,Mouse,5,0,0,0.625,2.133
8bd37fdf-eb44-48e4-9df8-8f4dac8ce7e3,19,Mouse,5,5,0,0.521,0.991
8bd37fdf-eb44-48e4-9df8-8f4dac8ce7e3,19,Mouse,5,4,0,0.583,2.668
8bd37fdf-eb44-48e4-9df8-8f4dac8ce7e3,19,Mouse,5,18,0,0.514,1.268
8bd37fdf-eb44-48e4-9df8-8f4dac8ce7e3,19,Mouse,5,2,0,0.542,1.689
8bd37fdf-eb44-48e4-9df8-8f4dac8ce7e3,19,Mouse,5,7,0,0.479,1.492
fb11dec1-b17b-4c12-a1aa-4622bed401c6,25,Mouse,8,10,0,0.951,3.920
fb11dec1-b17b-4c12-a1aa-4622bed401c6,25,Mouse,8,15,0,0.771,3.826
fb11dec1-b17b-4c12-a1aa-4622bed401c6,25,Mouse,8,0,1,0.952,2.497
fb11dec1-b17b-4c12-a1aa-4622bed401c6,25,Mouse,8,13,0,0.666,2.670
fb11dec1-b17b-4c12-a1aa-4622bed401c6,25,Mouse,8,14,0,0.514,1.414
fb11dec1-b17b-4c12-a1aa-4622bed401c6,25,Mouse,8,5,0,0.715,1.367
fb11dec1-b17b-4c12-a1aa-4622bed401c6,25,Mouse,8,17,0,0.771,1.779
fb11dec1-b17b-4c12-a1aa-4622bed401c6,25,Mouse,8,6,0,0.709,3.793
fb11dec1-b17b-4c12-a1aa-4622bed401c6,25,Mouse,8,18,0,0.618,1.417
fb11dec1-b17b-4c12-a1aa-4622bed401c6,25,Mouse,8,20,0,0.611,1.936
fb11dec1-b17b-4c12-a1aa-4622bed401c6,25,Mouse,8,11,0,0.493,1.746
fb11dec1-b17b-4c12-a1aa-4622bed401c6,25,Mouse,8,22,0,0.597,1.614
fb11dec1-b17b-4c12-a1aa-4622bed401c6,25,Mouse,8,2,0,0.618,2.172
fb11dec1-b17b-4c12-a1aa-4622bed401c6,25,Mouse,8,8,0,0.604,1.670
fb11dec1-b17b-4c12-a1aa-4622bed401c6,25,Mouse,8,7,0,0.542,0.940
fb11dec1-b17b-4c12-a1aa-4622bed401c6,25,Mouse,8,9,0,0.583,1.879
fb11dec1-b17b-4c12-a1aa-4622bed401c6,25,Mouse,8,21,0,0.653,3.451
fb11dec1-b17b-4c12-a1aa-4622bed401c6,25,Mouse,8,1,0,0.569,2.388
fb11dec1-b17b-4c12-a1aa-4622bed401c6,25,Mouse,8,4,0,0.709,2.909
fb11dec1-b17b-4c12-a1aa-4622bed401c6,25,Mouse,8,12,0,0.722,2.738
fb11dec1-b17b-4c12-a1aa-4622bed401c6,25,Mouse,8,16,0,0.952,3.252
fb11dec1-b17b-4c12-a1aa-4622bed401c6,25,Mouse,8,19,0,0.701,2.985
fb11dec1-b17b-4c12-a1aa-4622bed401c6,25,Mouse,8,3,0,0.625,1.743
76b9a081-6796-4a0f-baae-e315bea31f38,75,Mouse,3,10,0,2.832,4.177
76b9a081-6796-4a0f-baae-e315bea31f38,75,Mouse,3,9,0,0.949,0.738
76b9a081-6796-4a0f-baae-e315bea31f38,75,Mouse,3,20,0,1.083,1.822
76b9a081-6796-4a0f-baae-e315bea31f38,75,Mouse,3,12,0,0.933,1.067
76b9a081-6796-4a0f-baae-e315bea31f38,75,Mouse,3,14,0,1.599,2.218
76b9a081-6796-4a0f-baae-e315bea31f38,75,Mouse,3,8,0,0.833,1.301
76b9a081-6796-4a0f-baae-e315bea31f38,75,Mouse,3,16,0,1.566,3.884
76b9a081-6796-4a0f-baae-e315bea31f38,75,Mouse,3,6,0,1.566,3.794
76b9a081-6796-4a0f-baae-e315bea31f38,75,Mouse,3,1,1,1.617,1.581
76b9a081-6796-4a0f-baae-e315bea31f38,75,Mouse,3,5,0,1.132,1.466
76b9a081-6796-4a0f-baae-e315bea31f38,75,Mouse,3,22,0,1.183,1.964
76b9a081-6796-4a0f-baae-e315bea31f38,75,Mouse,3,11,0,1.133,2.099
76b9a081-6796-4a0f-baae-e315bea31f38,75,Mouse,3,4,0,1.082,2.733
76b9a081-6796-4a0f-baae-e315bea31f38,75,Mouse,3,0,0,0.950,1.384
76b9a081-6796-4a0f-baae-e315bea31f38,75,Mouse,3,19,0,1.200,3.577
76b9a081-6796-4a0f-baae-e315bea31f38,75,Mouse,3,18,0,1.082,0.489
76b9a081-6796-4a0f-baae-e315bea31f38,75,Mouse,3,21,0,1.600,3.461
76b9a081-6796-4a0f-baae-e315bea31f38,75,Mouse,3,17,0,1.349,1.984
76b9a081-6796-4a0f-baae-e315bea31f38,75,Mouse,3,3,0,1.166,2.014
76b9a081-6796-4a0f-baae-e315bea31f38,75,Mouse,3,15,0,1.183,3.420
76b9a081-6796-4a0f-baae-e315bea31f38,75,Mouse,3,13,0,0.816,1.224
76b9a081-6796-4a0f-baae-e315bea31f38,75,Mouse,3,7,0,0.934,1.541
76b9a081-6796-4a0f-baae-e315bea31f38,75,Mouse,3,2,0,1.249,0.906
8c5144ba-5d35-4d8e-892b-f3a4fc21ec8c,76,Trackpad,1,17,1,4.724,2.197
8c5144ba-5d35-4d8e-892b-f3a4fc21ec8c,76,Trackpad,1,15,0,2.465,4.226
8c5144ba-5d35-4d8e-892b-f3a4fc21ec8c,76,Trackpad,1,3,0,1.500,1.794
8c5144ba-5d35-4d8e-892b-f3a4fc21ec8c,76,Trackpad,1,1,0,1.949,2.251
8c5144ba-5d35-4d8e-892b-f3a4fc21ec8c,76,Trackpad,1,4,0,2.083,2.764
8c5144ba-5d35-4d8e-892b-f3a4fc21ec8c,76,Trackpad,1,14,0,3.148,3.713
8c5144ba-5d35-4d8e-892b-f3a4fc21ec8c,76,Trackpad,1,8,0,1.632,1.257
8c5144ba-5d35-4d8e-892b-f3a4fc21ec8c,76,Trackpad,1,5,0,2.266,1.476
8c5144ba-5d35-4d8e-892b-f3a4fc21ec8c,76,Trackpad,1,0,0,1.832,1.304
8c5144ba-5d35-4d8e-892b-f3a4fc21ec8c,76,Trackpad,1,6,0,2.150,3.440
8c5144ba-5d35-4d8e-892b-f3a4fc21ec8c,76,Trackpad,1,12,0,1.848,1.062
8c5144ba-5d35-4d8e-892b-f3a4fc21ec8c,76,Trackpad,1,22,0,1.667,1.273
8c5144ba-5d35-4d8e-892b-f3a4fc21ec8c,76,Trackpad,1,13,0,1.898,1.172
8c5144ba-5d35-4d8e-892b-f3a4fc21ec8c,76,Trackpad,1,20,0,1.600,1.453
8c5144ba-5d35-4d8e-892b-f3a4fc21ec8c,76,Trackpad,1,10,0,1.966,2.934
8c5144ba-5d35-4d8e-892b-f3a4fc21ec8c,76,Trackpad,1,2,0,1.549,1.355
8c5144ba-5d35-4d8e-892b-f3a4fc21ec8c,76,Trackpad,1,16,0,2.849,3.588
8c5144ba-5d35-4d8e-892b-f3a4fc21ec8c,76,Trackpad,1,18,0,1.566,0.519
8c5144ba-5d35-4d8e-892b-f3a4fc21ec8c,76,Trackpad,1,9,0,2.565,0.738
8c5144ba-5d35-4d8e-892b-f3a4fc21ec8c,76,Trackpad,1,21,0,2.849,3.389
8c5144ba-5d35-4d8e-892b-f3a4fc21ec8c,76,Trackpad,1,11,0,2.365,1.802
8c5144ba-5d35-4d8e-892b-f3a4fc21ec8c,76,Trackpad,1,19,0,3.633,2.083
8c5144ba-5d35-4d8e-892b-f3a4fc21ec8c,76,Trackpad,1,7,0,2.881,2.264
9ccf3d9b-909d-4dd4-857c-197fbb349584,23,Mouse,8,14,0,1.452,3.721
9ccf3d9b-909d-4dd4-857c-197fbb349584,23,Mouse,8,20,0,0.442,1.803
9ccf3d9b-909d-4dd4-857c-197fbb349584,23,Mouse,8,16,0,0.592,3.137
9ccf3d9b-909d-4dd4-857c-197fbb349584,23,Mouse,8,17,1,0.643,0.361
9ccf3d9b-909d-4dd4-857c-197fbb349584,23,Mouse,8,19,0,0.450,2.735
9ccf3d9b-909d-4dd4-857c-197fbb349584,23,Mouse,8,4,0,0.467,3.001
9ccf3d9b-909d-4dd4-857c-197fbb349584,23,Mouse,8,2,0,0.438,1.421
9ccf3d9b-909d-4dd4-857c-197fbb349584,23,Mouse,8,8,0,0.380,1.796
9ccf3d9b-909d-4dd4-857c-197fbb349584,23,Mouse,8,15,1,0.575,2.672
9ccf3d9b-909d-4dd4-857c-197fbb349584,23,Mouse,8,5,0,0.413,1.504
9ccf3d9b-909d-4dd4-857c-197fbb349584,23,Mouse,8,3,0,0.367,1.346
9ccf3d9b-909d-4dd4-857c-197fbb349584,23,Mouse,8,11,0,0.463,2.669
9ccf3d9b-909d-4dd4-857c-197fbb349584,23,Mouse,8,0,0,0.413,2.002
9ccf3d9b-909d-4dd4-857c-197fbb349584,23,Mouse,8,21,1,0.768,3.765
9ccf3d9b-909d-4dd4-857c-197fbb349584,23,Mouse,8,18,0,0.354,1.315
9ccf3d9b-909d-4dd4-857c-197fbb349584,23,Mouse,8,7,0,0.363,2.449
9ccf3d9b-909d-4dd4-857c-197fbb349584,23,Mouse,8,10,1,0.813,3.368
9ccf3d9b-909d-4dd4-857c-197fbb349584,23,Mouse,8,1,1,0.526,1.783
9ccf3d9b-909d-4dd4-857c-197fbb349584,23,Mouse,8,22,1,0.580,2.181
9ccf3d9b-909d-4dd4-857c-197fbb349584,23,Mouse,8,6,1,0.538,2.908
9ccf3d9b-909d-4dd4-857c-197fbb349584,23,Mouse,8,13,1,0.508,1.405
9ccf3d9b-909d-4dd4-857c-197fbb349584,23,Mouse,8,12,0,0.434,1.555
9ccf3d9b-909d-4dd4-857c-197fbb349584,23,Mouse,8,9,0,0.526,1.503
8218f964-9ddc-4369-885f-3851eddecee7,61,Mouse,1,13,0,7.676,2.659
8218f964-9ddc-4369-885f-3851eddecee7,61,Mouse,1,9,0,2.181,1.830
8218f964-9ddc-4369-885f-3851eddecee7,61,Mouse,1,1,0,1.299,1.944
8218f964-9ddc-4369-885f-3851eddecee7,61,Mouse,1,11,0,1.432,2.719
8218f964-9ddc-4369-885f-3851eddecee7,61,Mouse,1,14,0,1.599,2.941
8218f964-9ddc-4369-885f-3851eddecee7,61,Mouse,1,10,0,1.515,3.664
8218f964-9ddc-4369-885f-3851eddecee7,61,Mouse,1,17,0,1.282,1.466
8218f964-9ddc-4369-885f-3851eddecee7,61,Mouse,1,21,0,1.515,3.915
8218f964-9ddc-4369-885f-3851eddecee7,61,Mouse,1,8,0,1.266,2.185
8218f964-9ddc-4369-885f-3851eddecee7,61,Mouse,1,22,0,1.315,1.980
8218f964-9ddc-4369-885f-3851eddecee7,61,Mouse,1,7,0,1.183,1.974
8218f964-9ddc-4369-885f-3851eddecee7,61,Mouse,1,20,0,1.082,1.973
8218f964-9ddc-4369-885f-3851eddecee7,61,Mouse,1,5,0,1.216,1.879
8218f964-9ddc-4369-885f-3851eddecee7,61,Mouse,1,18,0,1.115,1.201
8218f964-9ddc-4369-885f-3851eddecee7,61,Mouse,1,16,0,1.615,2.238
8218f964-9ddc-4369-885f-3851eddecee7,61,Mouse,1,4,0,1.299,3.019
8218f964-9ddc-4369-885f-3851eddecee7,61,Mouse,1,0,0,1.116,1.348
8218f964-9ddc-4369-885f-3851eddecee7,61,Mouse,1,15,1,2.614,4.005
8218f964-9ddc-4369-885f-3851eddecee7,61,Mouse,1,2,0,1.316,1.474
8218f964-9ddc-4369-885f-3851eddecee7,61,Mouse,1,19,0,1.398,3.654
8218f964-9ddc-4369-885f-3851eddecee7,61,Mouse,1,3,0,1.699,1.756
8218f964-9ddc-4369-885f-3851eddecee7,61,Mouse,1,6,0,1.049,2.769
8218f964-9ddc-4369-885f-3851eddecee7,61,Mouse,1,12,0,1.299,1.089
f03cac9f-8548-43aa-a2b9-de0d4e3135f6,54,Mouse,10,10,2,3.558,3.954
f03cac9f-8548-43aa-a2b9-de0d4e3135f6,54,Mouse,10,19,0,0.969,2.373
f03cac9f-8548-43aa-a2b9-de0d4e3135f6,54,Mouse,10,5,2,4.961,2.083
f03cac9f-8548-43aa-a2b9-de0d4e3135f6,54,Mouse,10,16,0,2.105,3.154
f03cac9f-8548-43aa-a2b9-de0d4e3135f6,54,Mouse,10,13,0,1.353,2.931
f03cac9f-8548-43aa-a2b9-de0d4e3135f6,54,Mouse,10,14,0,1.186,1.393
f03cac9f-8548-43aa-a2b9-de0d4e3135f6,54,Mouse,10,15,1,3.375,1.161
f03cac9f-8548-43aa-a2b9-de0d4e3135f6,54,Mouse,10,9,0,3.658,2.129
f03cac9f-8548-43aa-a2b9-de0d4e3135f6,54,Mouse,10,22,2,2.672,1.996
f03cac9f-8548-43aa-a2b9-de0d4e3135f6,54,Mouse,10,20,2,2.390,1.738
f03cac9f-8548-43aa-a2b9-de0d4e3135f6,54,Mouse,10,2,1,1.954,2.151
f03cac9f-8548-43aa-a2b9-de0d4e3135f6,54,Mouse,10,18,1,3.892,1.608
f03cac9f-8548-43aa-a2b9-de0d4e3135f6,54,Mouse,10,11,1,2.322,1.542
f03cac9f-8548-43aa-a2b9-de0d4e3135f6,54,Mouse,10,12,0,1.186,1.809
f03cac9f-8548-43aa-a2b9-de0d4e3135f6,54,Mouse,10,7,0,1.453,1.535
f03cac9f-8548-43aa-a2b9-de0d4e3135f6,54,Mouse,10,21,2,35.063,2.996
f03cac9f-8548-43aa-a2b9-de0d4e3135f6,54,Mouse,10,3,0,1.588,1.848
f03cac9f-8548-43aa-a2b9-de0d4e3135f6,54,Mouse,10,1,1,3.942,2.427
f03cac9f-8548-43aa-a2b9-de0d4e3135f6,54,Mouse,10,4,1,3.441,2.968
f03cac9f-8548-43aa-a2b9-de0d4e3135f6,54,Mouse,10,8,0,1.420,2.837
f03cac9f-8548-43aa-a2b9-de0d4e3135f6,54,Mouse,10,17,1,4.995,2.433
f03cac9f-8548-43aa-a2b9-de0d4e3135f6,54,Mouse,10,6,1,2.789,3.813
f03cac9f-8548-43aa-a2b9-de0d4e3135f6,54,Mouse,10,0,3,5.981,2.055
4f1141fb-49fd-4309-a465-1de91a34c2c3,54,Mouse,10,15,0,1.670,3.845
4f1141fb-49fd-4309-a465-1de91a34c2c3,54,Mouse,10,9,0,3.766,2.103
4f1141fb-49fd-4309-a465-1de91a34c2c3,54,Mouse,10,19,0,0.969,2.057
4f1141fb-49fd-4309-a465-1de91a34c2c3,54,Mouse,10,1,0,3.809,2.295
4f1141fb-49fd-4309-a465-1de91a34c2c3,54,Mouse,10,2,0,3.006,0.708
4f1141fb-49fd-4309-a465-1de91a34c2c3,54,Mouse,10,21,0,0.919,3.594
4f1141fb-49fd-4309-a465-1de91a34c2c3,54,Mouse,10,5,0,0.902,1.623
4f1141fb-49fd-4309-a465-1de91a34c2c3,54,Mouse,10,8,0,0.852,2.184
4f1141fb-49fd-4309-a465-1de91a34c2c3,54,Mouse,10,3,0,0.635,1.100
4f1141fb-49fd-4309-a465-1de91a34c2c3,54,Mouse,10,18,0,0.835,1.843
4f1141fb-49fd-4309-a465-1de91a34c2c3,54,Mouse,10,20,0,0.801,1.836
4f1141fb-49fd-4309-a465-1de91a34c2c3,54,Mouse,10,10,0,0.770,2.860
4f1141fb-49fd-4309-a465-1de91a34c2c3,54,Mouse,10,17,0,0.701,1.441
4f1141fb-49fd-4309-a465-1de91a34c2c3,54,Mouse,10,6,0,0.952,3.724
4f1141fb-49fd-4309-a465-1de91a34c2c3,54,Mouse,10,12,0,0.668,1.053
4f1141fb-49fd-4309-a465-1de91a34c2c3,54,Mouse,10,0,0,0.735,2.141
4f1141fb-49fd-4309-a465-1de91a34c2c3,54,Mouse,10,4,0,0.719,2.417
4f1141fb-49fd-4309-a465-1de91a34c2c3,54,Mouse,10,22,0,0.768,2.259
4f1141fb-49fd-4309-a465-1de91a34c2c3,54,Mouse,10,11,0,0.785,2.168
4f1141fb-49fd-4309-a465-1de91a34c2c3,54,Mouse,10,16,1,1.253,2.901
4f1141fb-49fd-4309-a465-1de91a34c2c3,54,Mouse,10,14,0,0.902,3.639
4f1141fb-49fd-4309-a465-1de91a34c2c3,54,Mouse,10,13,0,0.702,0.917
4f1141fb-49fd-4309-a465-1de91a34c2c3,54,Mouse,10,7,0,0.601,1.386
1ed3368e-ee51-4eec-a627-feba6f4a91c8,57,Mouse,11,10,0,3.366,3.943
1ed3368e-ee51-4eec-a627-feba6f4a91c8,57,Mouse,11,12,0,0.983,2.266
1ed3368e-ee51-4eec-a627-feba6f4a91c8,57,Mouse,11,0,0,0.884,2.089
1ed3368e-ee51-4eec-a627-feba6f4a91c8,57,Mouse,11,20,0,0.750,2.418
1ed3368e-ee51-4eec-a627-feba6f4a91c8,57,Mouse,11,15,0,0.816,3.278
1ed3368e-ee51-4eec-a627-feba6f4a91c8,57,Mouse,11,6,0,0.967,2.499
1ed3368e-ee51-4eec-a627-feba6f4a91c8,57,Mouse,11,7,0,0.633,0.896
1ed3368e-ee51-4eec-a627-feba6f4a91c8,57,Mouse,11,2,0,0.584,0.999
1ed3368e-ee51-4eec-a627-feba6f4a91c8,57,Mouse,11,4,0,0.866,3.560
1ed3368e-ee51-4eec-a627-feba6f4a91c8,57,Mouse,11,17,0,0.634,1.774
1ed3368e-ee51-4eec-a627-feba6f4a91c8,57,Mouse,11,21,0,0.883,3.841
1ed3368e-ee51-4eec-a627-feba6f4a91c8,57,Mouse,11,8,0,0.650,2.205
1ed3368e-ee51-4eec-a627-feba6f4a91c8,57,Mouse,11,22,0,0.633,2.078
1ed3368e-ee51-4eec-a627-feba6f4a91c8,57,Mouse,11,19,0,0.901,3.675
1ed3368e-ee51-4eec-a627-feba6f4a91c8,57,Mouse,11,1,0,0.783,2.315
1ed3368e-ee51-4eec-a627-feba6f4a91c8,57,Mouse,11,16,0,0.983,3.391
1ed3368e-ee51-4eec-a627-feba6f4a91c8,57,Mouse,11,3,0,0.684,1.993
1ed3368e-ee51-4eec-a627-feba6f4a91c8,57,Mouse,11,13,0,0.700,2.352
1ed3368e-ee51-4eec-a627-feba6f4a91c8,57,Mouse,11,5,0,0.799,1.299
1ed3368e-ee51-4eec-a627-feba6f4a91c8,57,Mouse,11,18,0,0.650,1.173
1ed3368e-ee51-4eec-a627-feba6f4a91c8,57,Mouse,11,11,0,0.717,1.427
1ed3368e-ee51-4eec-a627-feba6f4a91c8,57,Mouse,11,14,0,0.767,2.884
1ed3368e-ee51-4eec-a627-feba6f4a91c8,57,Mouse,11,9,0,0.783,2.033
92efdba7-f571-43f5-949a-45f4b7ff1ca2,40,Mouse,8,11,0,1.583,2.804
92efdba7-f571-43f5-949a-45f4b7ff1ca2,40,Mouse,8,9,2,0.883,0.881
92efdba7-f571-43f5-949a-45f4b7ff1ca2,40,Mouse,8,17,0,0.600,1.242
92efdba7-f571-43f5-949a-45f4b7ff1ca2,40,Mouse,8,5,0,0.650,1.757
92efdba7-f571-43f5-949a-45f4b7ff1ca2,40,Mouse,8,4,0,0.800,2.709
92efdba7-f571-43f5-949a-45f4b7ff1ca2,40,Mouse,8,20,0,0.567,2.212
92efdba7-f571-43f5-949a-45f4b7ff1ca2,40,Mouse,8,7,0,0.667,2.143
92efdba7-f571-43f5-949a-45f4b7ff1ca2,40,Mouse,8,8,0,0.550,1.110
92efdba7-f571-43f5-949a-45f4b7ff1ca2,40,Mouse,8,2,0,0.550,1.002
92efdba7-f571-43f5-949a-45f4b7ff1ca2,40,Mouse,8,12,0,0.700,1.792
92efdba7-f571-43f5-949a-45f4b7ff1ca2,40,Mouse,8,22,0,0.667,1.343
92efdba7-f571-43f5-949a-45f4b7ff1ca2,40,Mouse,8,19,0,0.716,3.625
92efdba7-f571-43f5-949a-45f4b7ff1ca2,40,Mouse,8,13,0,0.666,2.243
92efdba7-f571-43f5-949a-45f4b7ff1ca2,40,Mouse,8,18,0,0.584,1.401
92efdba7-f571-43f5-949a-45f4b7ff1ca2,40,Mouse,8,6,0,0.716,3.363
92efdba7-f571-43f5-949a-45f4b7ff1ca2,40,Mouse,8,21,0,0.651,3.111
92efdba7-f571-43f5-949a-45f4b7ff1ca2,40,Mouse,8,0,0,0.600,2.462
92efdba7-f571-43f5-949a-45f4b7ff1ca2,40,Mouse,8,14,0,1.066,3.416
92efdba7-f571-43f5-949a-45f4b7ff1ca2,40,Mouse,8,1,0,0.651,2.070
92efdba7-f571-43f5-949a-45f4b7ff1ca2,40,Mouse,8,16,0,1.049,3.434
92efdba7-f571-43f5-949a-45f4b7ff1ca2,40,Mouse,8,3,0,0.650,1.959
92efdba7-f571-43f5-949a-45f4b7ff1ca2,40,Mouse,8,15,0,0.717,3.368
92efdba7-f571-43f5-949a-45f4b7ff1ca2,40,Mouse,8,10,0,0.833,3.811
61ef5fd0-1dd0-4f0f-b023-5bd52d66557e,27,Mouse,10,5,0,2.917,2.982
61ef5fd0-1dd0-4f0f-b023-5bd52d66557e,27,Mouse,10,12,2,1.217,1.611
61ef5fd0-1dd0-4f0f-b023-5bd52d66557e,27,Mouse,10,17,0,0.683,1.854
61ef5fd0-1dd0-4f0f-b023-5bd52d66557e,27,Mouse,10,3,0,0.683,1.997
61ef5fd0-1dd0-4f0f-b023-5bd52d66557e,27,Mouse,10,21,0,0.867,3.736
61ef5fd0-1dd0-4f0f-b023-5bd52d66557e,27,Mouse,10,8,0,0.883,2.132
61ef5fd0-1dd0-4f0f-b023-5bd52d66557e,27,Mouse,10,1,0,1.117,2.195
61ef5fd0-1dd0-4f0f-b023-5bd52d66557e,27,Mouse,10,19,0,1.200,3.708
61ef5fd0-1dd0-4f0f-b023-5bd52d66557e,27,Mouse,10,22,0,0.767,1.740
61ef5fd0-1dd0-4f0f-b023-5bd52d66557e,27,Mouse,10,2,0,0.833,2.100
61ef5fd0-1dd0-4f0f-b023-5bd52d66557e,27,Mouse,10,15,0,0.933,3.288
61ef5fd0-1dd0-4f0f-b023-5bd52d66557e,27,Mouse,10,16,0,0.900,3.954
61ef5fd0-1dd0-4f0f-b023-5bd52d66557e,27,Mouse,10,13,0,0.884,2.965
61ef5fd0-1dd0-4f0f-b023-5bd52d66557e,27,Mouse,10,14,0,0.850,1.240
61ef5fd0-1dd0-4f0f-b023-5bd52d66557e,27,Mouse,10,4,0,0.933,3.703
61ef5fd0-1dd0-4f0f-b023-5bd52d66557e,27,Mouse,10,11,0,1.000,1.856
61ef5fd0-1dd0-4f0f-b023-5bd52d66557e,27,Mouse,10,18,0,1.017,0.760
61ef5fd0-1dd0-4f0f-b023-5bd52d66557e,27,Mouse,10,7,0,0.700,2.347
61ef5fd0-1dd0-4f0f-b023-5bd52d66557e,27,Mouse,10,0,1,1.083,2.303
61ef5fd0-1dd0-4f0f-b023-5bd52d66557e,27,Mouse,10,10,0,1.183,3.170
61ef5fd0-1dd0-4f0f-b023-5bd52d66557e,27,Mouse,10,20,0,0.667,1.631
61ef5fd0-1dd0-4f0f-b023-5bd52d66557e,27,Mouse,10,9,0,0.767,1.319
61ef5fd0-1dd0-4f0f-b023-5bd52d66557e,27,Mouse,10,6,0,1.083,3.525
9282e556-a1cb-4a86-9996-a85159479b96,25,Mouse,16,1,0,1.581,3.137
9282e556-a1cb-4a86-9996-a85159479b96,25,Mouse,16,9,0,1.151,1.485
9282e556-a1cb-4a86-9996-a85159479b96,25,Mouse,16,6,1,1.648,3.351
9282e556-a1cb-4a86-9996-a85159479b96,25,Mouse,16,4,0,1.167,3.447
9282e556-a1cb-4a86-9996-a85159479b96,25,Mouse,16,21,0,0.966,3.631
9282e556-a1cb-4a86-9996-a85159479b96,25,Mouse,16,22,0,0.800,0.928
9282e556-a1cb-4a86-9996-a85159479b96,25,Mouse,16,11,0,0.800,2.147
9282e556-a1cb-4a86-9996-a85159479b96,25,Mouse,16,13,0,0.750,2.173
9282e556-a1cb-4a86-9996-a85159479b96,25,Mouse,16,10,0,1.166,3.258
9282e556-a1cb-4a86-9996-a85159479b96,25,Mouse,16,5,0,0.716,1.055
9282e556-a1cb-4a86-9996-a85159479b96,25,Mouse,16,18,0,0.850,1.251
9282e556-a1cb-4a86-9996-a85159479b96,25,Mouse,16,20,0,0.801,1.615
9282e556-a1cb-4a86-9996-a85159479b96,25,Mouse,16,17,0,0.898,1.668
9282e556-a1cb-4a86-9996-a85159479b96,25,Mouse,16,15,1,1.583,4.154
9282e556-a1cb-4a86-9996-a85159479b96,25,Mouse,16,8,0,0.867,1.553
9282e556-a1cb-4a86-9996-a85159479b96,25,Mouse,16,12,0,1.066,2.063
9282e556-a1cb-4a86-9996-a85159479b96,25,Mouse,16,16,0,1.000,3.335
9282e556-a1cb-4a86-9996-a85159479b96,25,Mouse,16,2,0,0.999,1.893
9282e556-a1cb-4a86-9996-a85159479b96,25,Mouse,16,19,0,1.000,3.603
9282e556-a1cb-4a86-9996-a85159479b96,25,Mouse,16,14,0,1.433,3.045
9282e556-a1cb-4a86-9996-a85159479b96,25,Mouse,16,7,0,0.866,1.035
9282e556-a1cb-4a86-9996-a85159479b96,25,Mouse,16,3,0,0.617,0.992
9282e556-a1cb-4a86-9996-a85159479b96,25,Mouse,16,0,0,1.099,2.599
